ID;resource_ID;user_ID;title;startAt;endAt;status;attendeeCount;notes;source
d7200000-0000-4000-8000-020260921011;d5000000-0000-4000-8000-000000000101;60000000-0000-4000-8000-000000000001;Office day - Anna Example;2026-09-21T07:00:00.000Z;2026-09-21T15:00:00.000Z;CONFIRMED;1;Demo: 20 September - 20 November 2026;RSVROOM
d7200000-0000-4000-8000-020260921012;d5000000-0000-4000-8000-000000000141;60000000-0000-4000-8000-000000000001;Office parking - Anna Example;2026-09-21T07:00:00.000Z;2026-09-21T15:00:00.000Z;CONFIRMED;1;Demo: 20 September - 20 November 2026;RSVROOM
d7200000-0000-4000-8000-020260922011;d5000000-0000-4000-8000-000000000101;60000000-0000-4000-8000-000000000001;Office day - Anna Example;2026-09-22T07:00:00.000Z;2026-09-22T15:00:00.000Z;CONFIRMED;1;Demo: 20 September - 20 November 2026;RSVROOM
d7200000-0000-4000-8000-020260922012;d5000000-0000-4000-8000-000000000141;60000000-0000-4000-8000-000000000001;Office parking - Anna Example;2026-09-22T07:00:00.000Z;2026-09-22T15:00:00.000Z;CONFIRMED;1;Demo: 20 September - 20 November 2026;RSVROOM
d7200000-0000-4000-8000-020260922013;d5000000-0000-4000-8000-000000000121;60000000-0000-4000-8000-000000000001;Team meeting - Anna Example;2026-09-22T08:00:00.000Z;2026-09-22T09:00:00.000Z;CONFIRMED;3;Demo: 20 September - 20 November 2026;RSVROOM
d7200000-0000-4000-8000-020260924011;d5000000-0000-4000-8000-000000000101;60000000-0000-4000-8000-000000000001;Office day - Anna Example;2026-09-24T07:00:00.000Z;2026-09-24T15:00:00.000Z;CONFIRMED;1;Demo: 20 September - 20 November 2026;RSVROOM
d7200000-0000-4000-8000-020260924012;d5000000-0000-4000-8000-000000000141;60000000-0000-4000-8000-000000000001;Office parking - Anna Example;2026-09-24T07:00:00.000Z;2026-09-24T15:00:00.000Z;CONFIRMED;1;Demo: 20 September - 20 November 2026;RSVROOM
d7200000-0000-4000-8000-020260925011;d5000000-0000-4000-8000-000000000101;60000000-0000-4000-8000-000000000001;Office day - Anna Example;2026-09-25T07:00:00.000Z;2026-09-25T15:00:00.000Z;CONFIRMED;1;Demo: 20 September - 20 November 2026;RSVROOM
d7200000-0000-4000-8000-020260925012;d5000000-0000-4000-8000-000000000141;60000000-0000-4000-8000-000000000001;Office parking - Anna Example;2026-09-25T07:00:00.000Z;2026-09-25T15:00:00.000Z;CONFIRMED;1;Demo: 20 September - 20 November 2026;RSVROOM
d7200000-0000-4000-8000-020260928011;d5000000-0000-4000-8000-000000000101;60000000-0000-4000-8000-000000000001;Office day - Anna Example;2026-09-28T07:00:00.000Z;2026-09-28T15:00:00.000Z;CONFIRMED;1;Demo: 20 September - 20 November 2026;RSVROOM
d7200000-0000-4000-8000-020260928012;d5000000-0000-4000-8000-000000000141;60000000-0000-4000-8000-000000000001;Office parking - Anna Example;2026-09-28T07:00:00.000Z;2026-09-28T15:00:00.000Z;CONFIRMED;1;Demo: 20 September - 20 November 2026;RSVROOM
d7200000-0000-4000-8000-020260929011;d5000000-0000-4000-8000-000000000101;60000000-0000-4000-8000-000000000001;Office day - Anna Example;2026-09-29T07:00:00.000Z;2026-09-29T15:00:00.000Z;CONFIRMED;1;Demo: 20 September - 20 November 2026;RSVROOM
d7200000-0000-4000-8000-020260929012;d5000000-0000-4000-8000-000000000141;60000000-0000-4000-8000-000000000001;Office parking - Anna Example;2026-09-29T07:00:00.000Z;2026-09-29T15:00:00.000Z;CONFIRMED;1;Demo: 20 September - 20 November 2026;RSVROOM
d7200000-0000-4000-8000-020260929013;d5000000-0000-4000-8000-000000000121;60000000-0000-4000-8000-000000000001;Team meeting - Anna Example;2026-09-29T08:00:00.000Z;2026-09-29T09:00:00.000Z;CONFIRMED;3;Demo: 20 September - 20 November 2026;RSVROOM
d7200000-0000-4000-8000-020261001011;d5000000-0000-4000-8000-000000000101;60000000-0000-4000-8000-000000000001;Office day - Anna Example;2026-10-01T07:00:00.000Z;2026-10-01T15:00:00.000Z;CONFIRMED;1;Demo: 20 September - 20 November 2026;RSVROOM
d7200000-0000-4000-8000-020261001012;d5000000-0000-4000-8000-000000000141;60000000-0000-4000-8000-000000000001;Office parking - Anna Example;2026-10-01T07:00:00.000Z;2026-10-01T15:00:00.000Z;CONFIRMED;1;Demo: 20 September - 20 November 2026;RSVROOM
d7200000-0000-4000-8000-020261002011;d5000000-0000-4000-8000-000000000101;60000000-0000-4000-8000-000000000001;Office day - Anna Example;2026-10-02T07:00:00.000Z;2026-10-02T15:00:00.000Z;CONFIRMED;1;Demo: 20 September - 20 November 2026;RSVROOM
d7200000-0000-4000-8000-020261002012;d5000000-0000-4000-8000-000000000141;60000000-0000-4000-8000-000000000001;Office parking - Anna Example;2026-10-02T07:00:00.000Z;2026-10-02T15:00:00.000Z;CONFIRMED;1;Demo: 20 September - 20 November 2026;RSVROOM
d7200000-0000-4000-8000-020261005011;d5000000-0000-4000-8000-000000000101;60000000-0000-4000-8000-000000000001;Office day - Anna Example;2026-10-05T07:00:00.000Z;2026-10-05T15:00:00.000Z;CONFIRMED;1;Demo: 20 September - 20 November 2026;RSVROOM
d7200000-0000-4000-8000-020261005012;d5000000-0000-4000-8000-000000000141;60000000-0000-4000-8000-000000000001;Office parking - Anna Example;2026-10-05T07:00:00.000Z;2026-10-05T15:00:00.000Z;CONFIRMED;1;Demo: 20 September - 20 November 2026;RSVROOM
d7200000-0000-4000-8000-020261006011;d5000000-0000-4000-8000-000000000101;60000000-0000-4000-8000-000000000001;Office day - Anna Example;2026-10-06T07:00:00.000Z;2026-10-06T15:00:00.000Z;CONFIRMED;1;Demo: 20 September - 20 November 2026;RSVROOM
d7200000-0000-4000-8000-020261006012;d5000000-0000-4000-8000-000000000141;60000000-0000-4000-8000-000000000001;Office parking - Anna Example;2026-10-06T07:00:00.000Z;2026-10-06T15:00:00.000Z;CONFIRMED;1;Demo: 20 September - 20 November 2026;RSVROOM
d7200000-0000-4000-8000-020261006013;d5000000-0000-4000-8000-000000000121;60000000-0000-4000-8000-000000000001;Team meeting - Anna Example;2026-10-06T08:00:00.000Z;2026-10-06T09:00:00.000Z;CONFIRMED;3;Demo: 20 September - 20 November 2026;RSVROOM
d7200000-0000-4000-8000-020261008011;d5000000-0000-4000-8000-000000000101;60000000-0000-4000-8000-000000000001;Office day - Anna Example;2026-10-08T07:00:00.000Z;2026-10-08T15:00:00.000Z;CONFIRMED;1;Demo: 20 September - 20 November 2026;RSVROOM
d7200000-0000-4000-8000-020261008012;d5000000-0000-4000-8000-000000000141;60000000-0000-4000-8000-000000000001;Office parking - Anna Example;2026-10-08T07:00:00.000Z;2026-10-08T15:00:00.000Z;CONFIRMED;1;Demo: 20 September - 20 November 2026;RSVROOM
d7200000-0000-4000-8000-020261009011;d5000000-0000-4000-8000-000000000101;60000000-0000-4000-8000-000000000001;Office day - Anna Example;2026-10-09T07:00:00.000Z;2026-10-09T15:00:00.000Z;CONFIRMED;1;Demo: 20 September - 20 November 2026;RSVROOM
d7200000-0000-4000-8000-020261009012;d5000000-0000-4000-8000-000000000141;60000000-0000-4000-8000-000000000001;Office parking - Anna Example;2026-10-09T07:00:00.000Z;2026-10-09T15:00:00.000Z;CONFIRMED;1;Demo: 20 September - 20 November 2026;RSVROOM
d7200000-0000-4000-8000-020261012011;d5000000-0000-4000-8000-000000000101;60000000-0000-4000-8000-000000000001;Office day - Anna Example;2026-10-12T07:00:00.000Z;2026-10-12T15:00:00.000Z;CONFIRMED;1;Demo: 20 September - 20 November 2026;RSVROOM
d7200000-0000-4000-8000-020261012012;d5000000-0000-4000-8000-000000000141;60000000-0000-4000-8000-000000000001;Office parking - Anna Example;2026-10-12T07:00:00.000Z;2026-10-12T15:00:00.000Z;CONFIRMED;1;Demo: 20 September - 20 November 2026;RSVROOM
d7200000-0000-4000-8000-020261013011;d5000000-0000-4000-8000-000000000101;60000000-0000-4000-8000-000000000001;Office day - Anna Example;2026-10-13T07:00:00.000Z;2026-10-13T15:00:00.000Z;CONFIRMED;1;Demo: 20 September - 20 November 2026;RSVROOM
d7200000-0000-4000-8000-020261013012;d5000000-0000-4000-8000-000000000141;60000000-0000-4000-8000-000000000001;Office parking - Anna Example;2026-10-13T07:00:00.000Z;2026-10-13T15:00:00.000Z;CONFIRMED;1;Demo: 20 September - 20 November 2026;RSVROOM
d7200000-0000-4000-8000-020261013013;d5000000-0000-4000-8000-000000000121;60000000-0000-4000-8000-000000000001;Team meeting - Anna Example;2026-10-13T08:00:00.000Z;2026-10-13T09:00:00.000Z;CONFIRMED;3;Demo: 20 September - 20 November 2026;RSVROOM
d7200000-0000-4000-8000-020261015011;d5000000-0000-4000-8000-000000000101;60000000-0000-4000-8000-000000000001;Office day - Anna Example;2026-10-15T07:00:00.000Z;2026-10-15T15:00:00.000Z;CONFIRMED;1;Demo: 20 September - 20 November 2026;RSVROOM
d7200000-0000-4000-8000-020261015012;d5000000-0000-4000-8000-000000000141;60000000-0000-4000-8000-000000000001;Office parking - Anna Example;2026-10-15T07:00:00.000Z;2026-10-15T15:00:00.000Z;CONFIRMED;1;Demo: 20 September - 20 November 2026;RSVROOM
d7200000-0000-4000-8000-020261016011;d5000000-0000-4000-8000-000000000101;60000000-0000-4000-8000-000000000001;Office day - Anna Example;2026-10-16T07:00:00.000Z;2026-10-16T15:00:00.000Z;CONFIRMED;1;Demo: 20 September - 20 November 2026;RSVROOM
d7200000-0000-4000-8000-020261016012;d5000000-0000-4000-8000-000000000141;60000000-0000-4000-8000-000000000001;Office parking - Anna Example;2026-10-16T07:00:00.000Z;2026-10-16T15:00:00.000Z;CONFIRMED;1;Demo: 20 September - 20 November 2026;RSVROOM
d7200000-0000-4000-8000-020261019011;d5000000-0000-4000-8000-000000000101;60000000-0000-4000-8000-000000000001;Office day - Anna Example;2026-10-19T07:00:00.000Z;2026-10-19T15:00:00.000Z;CONFIRMED;1;Demo: 20 September - 20 November 2026;RSVROOM
d7200000-0000-4000-8000-020261019012;d5000000-0000-4000-8000-000000000141;60000000-0000-4000-8000-000000000001;Office parking - Anna Example;2026-10-19T07:00:00.000Z;2026-10-19T15:00:00.000Z;CONFIRMED;1;Demo: 20 September - 20 November 2026;RSVROOM
d7200000-0000-4000-8000-020261020011;d5000000-0000-4000-8000-000000000101;60000000-0000-4000-8000-000000000001;Office day - Anna Example;2026-10-20T07:00:00.000Z;2026-10-20T15:00:00.000Z;CONFIRMED;1;Demo: 20 September - 20 November 2026;RSVROOM
d7200000-0000-4000-8000-020261020012;d5000000-0000-4000-8000-000000000141;60000000-0000-4000-8000-000000000001;Office parking - Anna Example;2026-10-20T07:00:00.000Z;2026-10-20T15:00:00.000Z;CONFIRMED;1;Demo: 20 September - 20 November 2026;RSVROOM
d7200000-0000-4000-8000-020261020013;d5000000-0000-4000-8000-000000000121;60000000-0000-4000-8000-000000000001;Team meeting - Anna Example;2026-10-20T08:00:00.000Z;2026-10-20T09:00:00.000Z;CONFIRMED;3;Demo: 20 September - 20 November 2026;RSVROOM
d7200000-0000-4000-8000-020261022011;d5000000-0000-4000-8000-000000000101;60000000-0000-4000-8000-000000000001;Office day - Anna Example;2026-10-22T07:00:00.000Z;2026-10-22T15:00:00.000Z;CONFIRMED;1;Demo: 20 September - 20 November 2026;RSVROOM
d7200000-0000-4000-8000-020261022012;d5000000-0000-4000-8000-000000000141;60000000-0000-4000-8000-000000000001;Office parking - Anna Example;2026-10-22T07:00:00.000Z;2026-10-22T15:00:00.000Z;CONFIRMED;1;Demo: 20 September - 20 November 2026;RSVROOM
d7200000-0000-4000-8000-020261023011;d5000000-0000-4000-8000-000000000101;60000000-0000-4000-8000-000000000001;Office day - Anna Example;2026-10-23T07:00:00.000Z;2026-10-23T15:00:00.000Z;CONFIRMED;1;Demo: 20 September - 20 November 2026;RSVROOM
d7200000-0000-4000-8000-020261023012;d5000000-0000-4000-8000-000000000141;60000000-0000-4000-8000-000000000001;Office parking - Anna Example;2026-10-23T07:00:00.000Z;2026-10-23T15:00:00.000Z;CONFIRMED;1;Demo: 20 September - 20 November 2026;RSVROOM
d7200000-0000-4000-8000-020261026011;d5000000-0000-4000-8000-000000000101;60000000-0000-4000-8000-000000000001;Office day - Anna Example;2026-10-26T08:00:00.000Z;2026-10-26T16:00:00.000Z;CONFIRMED;1;Demo: 20 September - 20 November 2026;RSVROOM
d7200000-0000-4000-8000-020261026012;d5000000-0000-4000-8000-000000000141;60000000-0000-4000-8000-000000000001;Office parking - Anna Example;2026-10-26T08:00:00.000Z;2026-10-26T16:00:00.000Z;CONFIRMED;1;Demo: 20 September - 20 November 2026;RSVROOM
d7200000-0000-4000-8000-020261027011;d5000000-0000-4000-8000-000000000101;60000000-0000-4000-8000-000000000001;Office day - Anna Example;2026-10-27T08:00:00.000Z;2026-10-27T16:00:00.000Z;CONFIRMED;1;Demo: 20 September - 20 November 2026;RSVROOM
d7200000-0000-4000-8000-020261027012;d5000000-0000-4000-8000-000000000141;60000000-0000-4000-8000-000000000001;Office parking - Anna Example;2026-10-27T08:00:00.000Z;2026-10-27T16:00:00.000Z;CONFIRMED;1;Demo: 20 September - 20 November 2026;RSVROOM
d7200000-0000-4000-8000-020261027013;d5000000-0000-4000-8000-000000000121;60000000-0000-4000-8000-000000000001;Team meeting - Anna Example;2026-10-27T09:00:00.000Z;2026-10-27T10:00:00.000Z;CONFIRMED;3;Demo: 20 September - 20 November 2026;RSVROOM
d7200000-0000-4000-8000-020261029011;d5000000-0000-4000-8000-000000000101;60000000-0000-4000-8000-000000000001;Office day - Anna Example;2026-10-29T08:00:00.000Z;2026-10-29T16:00:00.000Z;CONFIRMED;1;Demo: 20 September - 20 November 2026;RSVROOM
d7200000-0000-4000-8000-020261029012;d5000000-0000-4000-8000-000000000141;60000000-0000-4000-8000-000000000001;Office parking - Anna Example;2026-10-29T08:00:00.000Z;2026-10-29T16:00:00.000Z;CONFIRMED;1;Demo: 20 September - 20 November 2026;RSVROOM
d7200000-0000-4000-8000-020261030011;d5000000-0000-4000-8000-000000000101;60000000-0000-4000-8000-000000000001;Office day - Anna Example;2026-10-30T08:00:00.000Z;2026-10-30T16:00:00.000Z;CONFIRMED;1;Demo: 20 September - 20 November 2026;RSVROOM
d7200000-0000-4000-8000-020261030012;d5000000-0000-4000-8000-000000000141;60000000-0000-4000-8000-000000000001;Office parking - Anna Example;2026-10-30T08:00:00.000Z;2026-10-30T16:00:00.000Z;CONFIRMED;1;Demo: 20 September - 20 November 2026;RSVROOM
d7200000-0000-4000-8000-020261102011;d5000000-0000-4000-8000-000000000101;60000000-0000-4000-8000-000000000001;Office day - Anna Example;2026-11-02T08:00:00.000Z;2026-11-02T16:00:00.000Z;CONFIRMED;1;Demo: 20 September - 20 November 2026;RSVROOM
d7200000-0000-4000-8000-020261102012;d5000000-0000-4000-8000-000000000141;60000000-0000-4000-8000-000000000001;Office parking - Anna Example;2026-11-02T08:00:00.000Z;2026-11-02T16:00:00.000Z;CONFIRMED;1;Demo: 20 September - 20 November 2026;RSVROOM
d7200000-0000-4000-8000-020261103011;d5000000-0000-4000-8000-000000000101;60000000-0000-4000-8000-000000000001;Office day - Anna Example;2026-11-03T08:00:00.000Z;2026-11-03T16:00:00.000Z;CONFIRMED;1;Demo: 20 September - 20 November 2026;RSVROOM
d7200000-0000-4000-8000-020261103012;d5000000-0000-4000-8000-000000000141;60000000-0000-4000-8000-000000000001;Office parking - Anna Example;2026-11-03T08:00:00.000Z;2026-11-03T16:00:00.000Z;CONFIRMED;1;Demo: 20 September - 20 November 2026;RSVROOM
d7200000-0000-4000-8000-020261103013;d5000000-0000-4000-8000-000000000121;60000000-0000-4000-8000-000000000001;Team meeting - Anna Example;2026-11-03T09:00:00.000Z;2026-11-03T10:00:00.000Z;CONFIRMED;3;Demo: 20 September - 20 November 2026;RSVROOM
d7200000-0000-4000-8000-020261105011;d5000000-0000-4000-8000-000000000101;60000000-0000-4000-8000-000000000001;Office day - Anna Example;2026-11-05T08:00:00.000Z;2026-11-05T16:00:00.000Z;CONFIRMED;1;Demo: 20 September - 20 November 2026;RSVROOM
d7200000-0000-4000-8000-020261105012;d5000000-0000-4000-8000-000000000141;60000000-0000-4000-8000-000000000001;Office parking - Anna Example;2026-11-05T08:00:00.000Z;2026-11-05T16:00:00.000Z;CONFIRMED;1;Demo: 20 September - 20 November 2026;RSVROOM
d7200000-0000-4000-8000-020261106011;d5000000-0000-4000-8000-000000000101;60000000-0000-4000-8000-000000000001;Office day - Anna Example;2026-11-06T08:00:00.000Z;2026-11-06T16:00:00.000Z;CONFIRMED;1;Demo: 20 September - 20 November 2026;RSVROOM
d7200000-0000-4000-8000-020261106012;d5000000-0000-4000-8000-000000000141;60000000-0000-4000-8000-000000000001;Office parking - Anna Example;2026-11-06T08:00:00.000Z;2026-11-06T16:00:00.000Z;CONFIRMED;1;Demo: 20 September - 20 November 2026;RSVROOM
d7200000-0000-4000-8000-020261109011;d5000000-0000-4000-8000-000000000101;60000000-0000-4000-8000-000000000001;Office day - Anna Example;2026-11-09T08:00:00.000Z;2026-11-09T16:00:00.000Z;CONFIRMED;1;Demo: 20 September - 20 November 2026;RSVROOM
d7200000-0000-4000-8000-020261109012;d5000000-0000-4000-8000-000000000141;60000000-0000-4000-8000-000000000001;Office parking - Anna Example;2026-11-09T08:00:00.000Z;2026-11-09T16:00:00.000Z;CONFIRMED;1;Demo: 20 September - 20 November 2026;RSVROOM
d7200000-0000-4000-8000-020261110011;d5000000-0000-4000-8000-000000000101;60000000-0000-4000-8000-000000000001;Office day - Anna Example;2026-11-10T08:00:00.000Z;2026-11-10T16:00:00.000Z;CONFIRMED;1;Demo: 20 September - 20 November 2026;RSVROOM
d7200000-0000-4000-8000-020261110012;d5000000-0000-4000-8000-000000000141;60000000-0000-4000-8000-000000000001;Office parking - Anna Example;2026-11-10T08:00:00.000Z;2026-11-10T16:00:00.000Z;CONFIRMED;1;Demo: 20 September - 20 November 2026;RSVROOM
d7200000-0000-4000-8000-020261110013;d5000000-0000-4000-8000-000000000121;60000000-0000-4000-8000-000000000001;Team meeting - Anna Example;2026-11-10T09:00:00.000Z;2026-11-10T10:00:00.000Z;CONFIRMED;3;Demo: 20 September - 20 November 2026;RSVROOM
d7200000-0000-4000-8000-020261112011;d5000000-0000-4000-8000-000000000101;60000000-0000-4000-8000-000000000001;Office day - Anna Example;2026-11-12T08:00:00.000Z;2026-11-12T16:00:00.000Z;CONFIRMED;1;Demo: 20 September - 20 November 2026;RSVROOM
d7200000-0000-4000-8000-020261112012;d5000000-0000-4000-8000-000000000141;60000000-0000-4000-8000-000000000001;Office parking - Anna Example;2026-11-12T08:00:00.000Z;2026-11-12T16:00:00.000Z;CONFIRMED;1;Demo: 20 September - 20 November 2026;RSVROOM
d7200000-0000-4000-8000-020261113011;d5000000-0000-4000-8000-000000000101;60000000-0000-4000-8000-000000000001;Office day - Anna Example;2026-11-13T08:00:00.000Z;2026-11-13T16:00:00.000Z;CONFIRMED;1;Demo: 20 September - 20 November 2026;RSVROOM
d7200000-0000-4000-8000-020261113012;d5000000-0000-4000-8000-000000000141;60000000-0000-4000-8000-000000000001;Office parking - Anna Example;2026-11-13T08:00:00.000Z;2026-11-13T16:00:00.000Z;CONFIRMED;1;Demo: 20 September - 20 November 2026;RSVROOM
d7200000-0000-4000-8000-020261116011;d5000000-0000-4000-8000-000000000101;60000000-0000-4000-8000-000000000001;Office day - Anna Example;2026-11-16T08:00:00.000Z;2026-11-16T16:00:00.000Z;CONFIRMED;1;Demo: 20 September - 20 November 2026;RSVROOM
d7200000-0000-4000-8000-020261116012;d5000000-0000-4000-8000-000000000141;60000000-0000-4000-8000-000000000001;Office parking - Anna Example;2026-11-16T08:00:00.000Z;2026-11-16T16:00:00.000Z;CONFIRMED;1;Demo: 20 September - 20 November 2026;RSVROOM
d7200000-0000-4000-8000-020261117011;d5000000-0000-4000-8000-000000000101;60000000-0000-4000-8000-000000000001;Office day - Anna Example;2026-11-17T08:00:00.000Z;2026-11-17T16:00:00.000Z;CONFIRMED;1;Demo: 20 September - 20 November 2026;RSVROOM
d7200000-0000-4000-8000-020261117012;d5000000-0000-4000-8000-000000000141;60000000-0000-4000-8000-000000000001;Office parking - Anna Example;2026-11-17T08:00:00.000Z;2026-11-17T16:00:00.000Z;CONFIRMED;1;Demo: 20 September - 20 November 2026;RSVROOM
d7200000-0000-4000-8000-020261117013;d5000000-0000-4000-8000-000000000121;60000000-0000-4000-8000-000000000001;Team meeting - Anna Example;2026-11-17T09:00:00.000Z;2026-11-17T10:00:00.000Z;CONFIRMED;3;Demo: 20 September - 20 November 2026;RSVROOM
d7200000-0000-4000-8000-020261119011;d5000000-0000-4000-8000-000000000101;60000000-0000-4000-8000-000000000001;Office day - Anna Example;2026-11-19T08:00:00.000Z;2026-11-19T16:00:00.000Z;CONFIRMED;1;Demo: 20 September - 20 November 2026;RSVROOM
d7200000-0000-4000-8000-020261119012;d5000000-0000-4000-8000-000000000141;60000000-0000-4000-8000-000000000001;Office parking - Anna Example;2026-11-19T08:00:00.000Z;2026-11-19T16:00:00.000Z;CONFIRMED;1;Demo: 20 September - 20 November 2026;RSVROOM
d7200000-0000-4000-8000-020261120011;d5000000-0000-4000-8000-000000000101;60000000-0000-4000-8000-000000000001;Office day - Anna Example;2026-11-20T08:00:00.000Z;2026-11-20T16:00:00.000Z;CONFIRMED;1;Demo: 20 September - 20 November 2026;RSVROOM
d7200000-0000-4000-8000-020261120012;d5000000-0000-4000-8000-000000000141;60000000-0000-4000-8000-000000000001;Office parking - Anna Example;2026-11-20T08:00:00.000Z;2026-11-20T16:00:00.000Z;CONFIRMED;1;Demo: 20 September - 20 November 2026;RSVROOM
d7200000-0000-4000-8000-020260921021;d5000000-0000-4000-8000-000000000102;d6100000-0000-4000-8000-000000000001;Office day - Lena Fischer;2026-09-21T07:00:00.000Z;2026-09-21T15:00:00.000Z;CONFIRMED;1;Demo: 20 September - 20 November 2026;RSVROOM
d7200000-0000-4000-8000-020260922021;d5000000-0000-4000-8000-000000000102;d6100000-0000-4000-8000-000000000001;Office day - Lena Fischer;2026-09-22T07:00:00.000Z;2026-09-22T15:00:00.000Z;CONFIRMED;1;Demo: 20 September - 20 November 2026;RSVROOM
d7200000-0000-4000-8000-020260924021;d5000000-0000-4000-8000-000000000102;d6100000-0000-4000-8000-000000000001;Office day - Lena Fischer;2026-09-24T07:00:00.000Z;2026-09-24T15:00:00.000Z;CONFIRMED;1;Demo: 20 September - 20 November 2026;RSVROOM
d7200000-0000-4000-8000-020260924023;d5000000-0000-4000-8000-000000000122;d6100000-0000-4000-8000-000000000001;Team meeting - Lena Fischer;2026-09-24T08:00:00.000Z;2026-09-24T09:00:00.000Z;CONFIRMED;3;Demo: 20 September - 20 November 2026;RSVROOM
d7200000-0000-4000-8000-020260928021;d5000000-0000-4000-8000-000000000102;d6100000-0000-4000-8000-000000000001;Office day - Lena Fischer;2026-09-28T07:00:00.000Z;2026-09-28T15:00:00.000Z;CONFIRMED;1;Demo: 20 September - 20 November 2026;RSVROOM
d7200000-0000-4000-8000-020260929021;d5000000-0000-4000-8000-000000000102;d6100000-0000-4000-8000-000000000001;Office day - Lena Fischer;2026-09-29T07:00:00.000Z;2026-09-29T15:00:00.000Z;CONFIRMED;1;Demo: 20 September - 20 November 2026;RSVROOM
d7200000-0000-4000-8000-020261001021;d5000000-0000-4000-8000-000000000102;d6100000-0000-4000-8000-000000000001;Office day - Lena Fischer;2026-10-01T07:00:00.000Z;2026-10-01T15:00:00.000Z;CONFIRMED;1;Demo: 20 September - 20 November 2026;RSVROOM
d7200000-0000-4000-8000-020261001023;d5000000-0000-4000-8000-000000000122;d6100000-0000-4000-8000-000000000001;Team meeting - Lena Fischer;2026-10-01T08:00:00.000Z;2026-10-01T09:00:00.000Z;CONFIRMED;3;Demo: 20 September - 20 November 2026;RSVROOM
d7200000-0000-4000-8000-020261005021;d5000000-0000-4000-8000-000000000102;d6100000-0000-4000-8000-000000000001;Office day - Lena Fischer;2026-10-05T07:00:00.000Z;2026-10-05T15:00:00.000Z;CONFIRMED;1;Demo: 20 September - 20 November 2026;RSVROOM
d7200000-0000-4000-8000-020261006021;d5000000-0000-4000-8000-000000000102;d6100000-0000-4000-8000-000000000001;Office day - Lena Fischer;2026-10-06T07:00:00.000Z;2026-10-06T15:00:00.000Z;CONFIRMED;1;Demo: 20 September - 20 November 2026;RSVROOM
d7200000-0000-4000-8000-020261008021;d5000000-0000-4000-8000-000000000102;d6100000-0000-4000-8000-000000000001;Office day - Lena Fischer;2026-10-08T07:00:00.000Z;2026-10-08T15:00:00.000Z;CONFIRMED;1;Demo: 20 September - 20 November 2026;RSVROOM
d7200000-0000-4000-8000-020261008023;d5000000-0000-4000-8000-000000000122;d6100000-0000-4000-8000-000000000001;Team meeting - Lena Fischer;2026-10-08T08:00:00.000Z;2026-10-08T09:00:00.000Z;CONFIRMED;3;Demo: 20 September - 20 November 2026;RSVROOM
d7200000-0000-4000-8000-020261012021;d5000000-0000-4000-8000-000000000102;d6100000-0000-4000-8000-000000000001;Office day - Lena Fischer;2026-10-12T07:00:00.000Z;2026-10-12T15:00:00.000Z;CONFIRMED;1;Demo: 20 September - 20 November 2026;RSVROOM
d7200000-0000-4000-8000-020261013021;d5000000-0000-4000-8000-000000000102;d6100000-0000-4000-8000-000000000001;Office day - Lena Fischer;2026-10-13T07:00:00.000Z;2026-10-13T15:00:00.000Z;CONFIRMED;1;Demo: 20 September - 20 November 2026;RSVROOM
d7200000-0000-4000-8000-020261015021;d5000000-0000-4000-8000-000000000102;d6100000-0000-4000-8000-000000000001;Office day - Lena Fischer;2026-10-15T07:00:00.000Z;2026-10-15T15:00:00.000Z;CONFIRMED;1;Demo: 20 September - 20 November 2026;RSVROOM
d7200000-0000-4000-8000-020261015023;d5000000-0000-4000-8000-000000000122;d6100000-0000-4000-8000-000000000001;Team meeting - Lena Fischer;2026-10-15T08:00:00.000Z;2026-10-15T09:00:00.000Z;CONFIRMED;3;Demo: 20 September - 20 November 2026;RSVROOM
d7200000-0000-4000-8000-020261019021;d5000000-0000-4000-8000-000000000102;d6100000-0000-4000-8000-000000000001;Office day - Lena Fischer;2026-10-19T07:00:00.000Z;2026-10-19T15:00:00.000Z;CONFIRMED;1;Demo: 20 September - 20 November 2026;RSVROOM
d7200000-0000-4000-8000-020261020021;d5000000-0000-4000-8000-000000000102;d6100000-0000-4000-8000-000000000001;Office day - Lena Fischer;2026-10-20T07:00:00.000Z;2026-10-20T15:00:00.000Z;CONFIRMED;1;Demo: 20 September - 20 November 2026;RSVROOM
d7200000-0000-4000-8000-020261022021;d5000000-0000-4000-8000-000000000102;d6100000-0000-4000-8000-000000000001;Office day - Lena Fischer;2026-10-22T07:00:00.000Z;2026-10-22T15:00:00.000Z;CONFIRMED;1;Demo: 20 September - 20 November 2026;RSVROOM
d7200000-0000-4000-8000-020261022023;d5000000-0000-4000-8000-000000000122;d6100000-0000-4000-8000-000000000001;Team meeting - Lena Fischer;2026-10-22T08:00:00.000Z;2026-10-22T09:00:00.000Z;CONFIRMED;3;Demo: 20 September - 20 November 2026;RSVROOM
d7200000-0000-4000-8000-020261026021;d5000000-0000-4000-8000-000000000102;d6100000-0000-4000-8000-000000000001;Office day - Lena Fischer;2026-10-26T08:00:00.000Z;2026-10-26T16:00:00.000Z;CONFIRMED;1;Demo: 20 September - 20 November 2026;RSVROOM
d7200000-0000-4000-8000-020261027021;d5000000-0000-4000-8000-000000000102;d6100000-0000-4000-8000-000000000001;Office day - Lena Fischer;2026-10-27T08:00:00.000Z;2026-10-27T16:00:00.000Z;CONFIRMED;1;Demo: 20 September - 20 November 2026;RSVROOM
d7200000-0000-4000-8000-020261029021;d5000000-0000-4000-8000-000000000102;d6100000-0000-4000-8000-000000000001;Office day - Lena Fischer;2026-10-29T08:00:00.000Z;2026-10-29T16:00:00.000Z;CONFIRMED;1;Demo: 20 September - 20 November 2026;RSVROOM
d7200000-0000-4000-8000-020261029023;d5000000-0000-4000-8000-000000000122;d6100000-0000-4000-8000-000000000001;Team meeting - Lena Fischer;2026-10-29T09:00:00.000Z;2026-10-29T10:00:00.000Z;CONFIRMED;3;Demo: 20 September - 20 November 2026;RSVROOM
d7200000-0000-4000-8000-020261102021;d5000000-0000-4000-8000-000000000102;d6100000-0000-4000-8000-000000000001;Office day - Lena Fischer;2026-11-02T08:00:00.000Z;2026-11-02T16:00:00.000Z;CONFIRMED;1;Demo: 20 September - 20 November 2026;RSVROOM
d7200000-0000-4000-8000-020261103021;d5000000-0000-4000-8000-000000000102;d6100000-0000-4000-8000-000000000001;Office day - Lena Fischer;2026-11-03T08:00:00.000Z;2026-11-03T16:00:00.000Z;CONFIRMED;1;Demo: 20 September - 20 November 2026;RSVROOM
d7200000-0000-4000-8000-020261105021;d5000000-0000-4000-8000-000000000102;d6100000-0000-4000-8000-000000000001;Office day - Lena Fischer;2026-11-05T08:00:00.000Z;2026-11-05T16:00:00.000Z;CONFIRMED;1;Demo: 20 September - 20 November 2026;RSVROOM
d7200000-0000-4000-8000-020261105023;d5000000-0000-4000-8000-000000000122;d6100000-0000-4000-8000-000000000001;Team meeting - Lena Fischer;2026-11-05T09:00:00.000Z;2026-11-05T10:00:00.000Z;CONFIRMED;3;Demo: 20 September - 20 November 2026;RSVROOM
d7200000-0000-4000-8000-020261109021;d5000000-0000-4000-8000-000000000102;d6100000-0000-4000-8000-000000000001;Office day - Lena Fischer;2026-11-09T08:00:00.000Z;2026-11-09T16:00:00.000Z;CONFIRMED;1;Demo: 20 September - 20 November 2026;RSVROOM
d7200000-0000-4000-8000-020261110021;d5000000-0000-4000-8000-000000000102;d6100000-0000-4000-8000-000000000001;Office day - Lena Fischer;2026-11-10T08:00:00.000Z;2026-11-10T16:00:00.000Z;CONFIRMED;1;Demo: 20 September - 20 November 2026;RSVROOM
d7200000-0000-4000-8000-020261112021;d5000000-0000-4000-8000-000000000102;d6100000-0000-4000-8000-000000000001;Office day - Lena Fischer;2026-11-12T08:00:00.000Z;2026-11-12T16:00:00.000Z;CONFIRMED;1;Demo: 20 September - 20 November 2026;RSVROOM
d7200000-0000-4000-8000-020261112023;d5000000-0000-4000-8000-000000000122;d6100000-0000-4000-8000-000000000001;Team meeting - Lena Fischer;2026-11-12T09:00:00.000Z;2026-11-12T10:00:00.000Z;CONFIRMED;3;Demo: 20 September - 20 November 2026;RSVROOM
d7200000-0000-4000-8000-020261116021;d5000000-0000-4000-8000-000000000102;d6100000-0000-4000-8000-000000000001;Office day - Lena Fischer;2026-11-16T08:00:00.000Z;2026-11-16T16:00:00.000Z;CONFIRMED;1;Demo: 20 September - 20 November 2026;RSVROOM
d7200000-0000-4000-8000-020261117021;d5000000-0000-4000-8000-000000000102;d6100000-0000-4000-8000-000000000001;Office day - Lena Fischer;2026-11-17T08:00:00.000Z;2026-11-17T16:00:00.000Z;CONFIRMED;1;Demo: 20 September - 20 November 2026;RSVROOM
d7200000-0000-4000-8000-020261119021;d5000000-0000-4000-8000-000000000102;d6100000-0000-4000-8000-000000000001;Office day - Lena Fischer;2026-11-19T08:00:00.000Z;2026-11-19T16:00:00.000Z;CONFIRMED;1;Demo: 20 September - 20 November 2026;RSVROOM
d7200000-0000-4000-8000-020261119023;d5000000-0000-4000-8000-000000000122;d6100000-0000-4000-8000-000000000001;Team meeting - Lena Fischer;2026-11-19T09:00:00.000Z;2026-11-19T10:00:00.000Z;CONFIRMED;3;Demo: 20 September - 20 November 2026;RSVROOM
d7200000-0000-4000-8000-020260922031;d5000000-0000-4000-8000-000000000103;d6100000-0000-4000-8000-000000000002;Office day - Jonas Weber;2026-09-22T07:00:00.000Z;2026-09-22T15:00:00.000Z;CONFIRMED;1;Demo: 20 September - 20 November 2026;RSVROOM
d7200000-0000-4000-8000-020260922032;d5000000-0000-4000-8000-000000000143;d6100000-0000-4000-8000-000000000002;Office parking - Jonas Weber;2026-09-22T07:00:00.000Z;2026-09-22T15:00:00.000Z;CONFIRMED;1;Demo: 20 September - 20 November 2026;RSVROOM
d7200000-0000-4000-8000-020260923031;d5000000-0000-4000-8000-000000000103;d6100000-0000-4000-8000-000000000002;Office day - Jonas Weber;2026-09-23T07:00:00.000Z;2026-09-23T15:00:00.000Z;CONFIRMED;1;Demo: 20 September - 20 November 2026;RSVROOM
d7200000-0000-4000-8000-020260923032;d5000000-0000-4000-8000-000000000143;d6100000-0000-4000-8000-000000000002;Office parking - Jonas Weber;2026-09-23T07:00:00.000Z;2026-09-23T15:00:00.000Z;CONFIRMED;1;Demo: 20 September - 20 November 2026;RSVROOM
d7200000-0000-4000-8000-020260923033;d5000000-0000-4000-8000-000000000123;d6100000-0000-4000-8000-000000000002;Team meeting - Jonas Weber;2026-09-23T08:00:00.000Z;2026-09-23T09:00:00.000Z;CONFIRMED;3;Demo: 20 September - 20 November 2026;RSVROOM
d7200000-0000-4000-8000-020260925031;d5000000-0000-4000-8000-000000000103;d6100000-0000-4000-8000-000000000002;Office day - Jonas Weber;2026-09-25T07:00:00.000Z;2026-09-25T15:00:00.000Z;CONFIRMED;1;Demo: 20 September - 20 November 2026;RSVROOM
d7200000-0000-4000-8000-020260925032;d5000000-0000-4000-8000-000000000143;d6100000-0000-4000-8000-000000000002;Office parking - Jonas Weber;2026-09-25T07:00:00.000Z;2026-09-25T15:00:00.000Z;CONFIRMED;1;Demo: 20 September - 20 November 2026;RSVROOM
d7200000-0000-4000-8000-020260929031;d5000000-0000-4000-8000-000000000103;d6100000-0000-4000-8000-000000000002;Office day - Jonas Weber;2026-09-29T07:00:00.000Z;2026-09-29T15:00:00.000Z;CONFIRMED;1;Demo: 20 September - 20 November 2026;RSVROOM
d7200000-0000-4000-8000-020260929032;d5000000-0000-4000-8000-000000000143;d6100000-0000-4000-8000-000000000002;Office parking - Jonas Weber;2026-09-29T07:00:00.000Z;2026-09-29T15:00:00.000Z;CONFIRMED;1;Demo: 20 September - 20 November 2026;RSVROOM
d7200000-0000-4000-8000-020260930031;d5000000-0000-4000-8000-000000000103;d6100000-0000-4000-8000-000000000002;Office day - Jonas Weber;2026-09-30T07:00:00.000Z;2026-09-30T15:00:00.000Z;CONFIRMED;1;Demo: 20 September - 20 November 2026;RSVROOM
d7200000-0000-4000-8000-020260930032;d5000000-0000-4000-8000-000000000143;d6100000-0000-4000-8000-000000000002;Office parking - Jonas Weber;2026-09-30T07:00:00.000Z;2026-09-30T15:00:00.000Z;CONFIRMED;1;Demo: 20 September - 20 November 2026;RSVROOM
d7200000-0000-4000-8000-020260930033;d5000000-0000-4000-8000-000000000123;d6100000-0000-4000-8000-000000000002;Team meeting - Jonas Weber;2026-09-30T08:00:00.000Z;2026-09-30T09:00:00.000Z;CONFIRMED;3;Demo: 20 September - 20 November 2026;RSVROOM
d7200000-0000-4000-8000-020261002031;d5000000-0000-4000-8000-000000000103;d6100000-0000-4000-8000-000000000002;Office day - Jonas Weber;2026-10-02T07:00:00.000Z;2026-10-02T15:00:00.000Z;CONFIRMED;1;Demo: 20 September - 20 November 2026;RSVROOM
d7200000-0000-4000-8000-020261002032;d5000000-0000-4000-8000-000000000143;d6100000-0000-4000-8000-000000000002;Office parking - Jonas Weber;2026-10-02T07:00:00.000Z;2026-10-02T15:00:00.000Z;CONFIRMED;1;Demo: 20 September - 20 November 2026;RSVROOM
d7200000-0000-4000-8000-020261006031;d5000000-0000-4000-8000-000000000103;d6100000-0000-4000-8000-000000000002;Office day - Jonas Weber;2026-10-06T07:00:00.000Z;2026-10-06T15:00:00.000Z;CONFIRMED;1;Demo: 20 September - 20 November 2026;RSVROOM
d7200000-0000-4000-8000-020261006032;d5000000-0000-4000-8000-000000000143;d6100000-0000-4000-8000-000000000002;Office parking - Jonas Weber;2026-10-06T07:00:00.000Z;2026-10-06T15:00:00.000Z;CONFIRMED;1;Demo: 20 September - 20 November 2026;RSVROOM
d7200000-0000-4000-8000-020261007031;d5000000-0000-4000-8000-000000000103;d6100000-0000-4000-8000-000000000002;Office day - Jonas Weber;2026-10-07T07:00:00.000Z;2026-10-07T15:00:00.000Z;CONFIRMED;1;Demo: 20 September - 20 November 2026;RSVROOM
d7200000-0000-4000-8000-020261007032;d5000000-0000-4000-8000-000000000143;d6100000-0000-4000-8000-000000000002;Office parking - Jonas Weber;2026-10-07T07:00:00.000Z;2026-10-07T15:00:00.000Z;CONFIRMED;1;Demo: 20 September - 20 November 2026;RSVROOM
d7200000-0000-4000-8000-020261007033;d5000000-0000-4000-8000-000000000123;d6100000-0000-4000-8000-000000000002;Team meeting - Jonas Weber;2026-10-07T08:00:00.000Z;2026-10-07T09:00:00.000Z;CONFIRMED;3;Demo: 20 September - 20 November 2026;RSVROOM
d7200000-0000-4000-8000-020261009031;d5000000-0000-4000-8000-000000000103;d6100000-0000-4000-8000-000000000002;Office day - Jonas Weber;2026-10-09T07:00:00.000Z;2026-10-09T15:00:00.000Z;CONFIRMED;1;Demo: 20 September - 20 November 2026;RSVROOM
d7200000-0000-4000-8000-020261009032;d5000000-0000-4000-8000-000000000143;d6100000-0000-4000-8000-000000000002;Office parking - Jonas Weber;2026-10-09T07:00:00.000Z;2026-10-09T15:00:00.000Z;CONFIRMED;1;Demo: 20 September - 20 November 2026;RSVROOM
d7200000-0000-4000-8000-020261013031;d5000000-0000-4000-8000-000000000103;d6100000-0000-4000-8000-000000000002;Office day - Jonas Weber;2026-10-13T07:00:00.000Z;2026-10-13T15:00:00.000Z;CONFIRMED;1;Demo: 20 September - 20 November 2026;RSVROOM
d7200000-0000-4000-8000-020261013032;d5000000-0000-4000-8000-000000000143;d6100000-0000-4000-8000-000000000002;Office parking - Jonas Weber;2026-10-13T07:00:00.000Z;2026-10-13T15:00:00.000Z;CONFIRMED;1;Demo: 20 September - 20 November 2026;RSVROOM
d7200000-0000-4000-8000-020261014031;d5000000-0000-4000-8000-000000000103;d6100000-0000-4000-8000-000000000002;Office day - Jonas Weber;2026-10-14T07:00:00.000Z;2026-10-14T15:00:00.000Z;CONFIRMED;1;Demo: 20 September - 20 November 2026;RSVROOM
d7200000-0000-4000-8000-020261014032;d5000000-0000-4000-8000-000000000143;d6100000-0000-4000-8000-000000000002;Office parking - Jonas Weber;2026-10-14T07:00:00.000Z;2026-10-14T15:00:00.000Z;CONFIRMED;1;Demo: 20 September - 20 November 2026;RSVROOM
d7200000-0000-4000-8000-020261014033;d5000000-0000-4000-8000-000000000123;d6100000-0000-4000-8000-000000000002;Team meeting - Jonas Weber;2026-10-14T08:00:00.000Z;2026-10-14T09:00:00.000Z;CONFIRMED;3;Demo: 20 September - 20 November 2026;RSVROOM
d7200000-0000-4000-8000-020261016031;d5000000-0000-4000-8000-000000000103;d6100000-0000-4000-8000-000000000002;Office day - Jonas Weber;2026-10-16T07:00:00.000Z;2026-10-16T15:00:00.000Z;CONFIRMED;1;Demo: 20 September - 20 November 2026;RSVROOM
d7200000-0000-4000-8000-020261016032;d5000000-0000-4000-8000-000000000143;d6100000-0000-4000-8000-000000000002;Office parking - Jonas Weber;2026-10-16T07:00:00.000Z;2026-10-16T15:00:00.000Z;CONFIRMED;1;Demo: 20 September - 20 November 2026;RSVROOM
d7200000-0000-4000-8000-020261020031;d5000000-0000-4000-8000-000000000103;d6100000-0000-4000-8000-000000000002;Office day - Jonas Weber;2026-10-20T07:00:00.000Z;2026-10-20T15:00:00.000Z;CONFIRMED;1;Demo: 20 September - 20 November 2026;RSVROOM
d7200000-0000-4000-8000-020261020032;d5000000-0000-4000-8000-000000000143;d6100000-0000-4000-8000-000000000002;Office parking - Jonas Weber;2026-10-20T07:00:00.000Z;2026-10-20T15:00:00.000Z;CONFIRMED;1;Demo: 20 September - 20 November 2026;RSVROOM
d7200000-0000-4000-8000-020261021031;d5000000-0000-4000-8000-000000000103;d6100000-0000-4000-8000-000000000002;Office day - Jonas Weber;2026-10-21T07:00:00.000Z;2026-10-21T15:00:00.000Z;CONFIRMED;1;Demo: 20 September - 20 November 2026;RSVROOM
d7200000-0000-4000-8000-020261021032;d5000000-0000-4000-8000-000000000143;d6100000-0000-4000-8000-000000000002;Office parking - Jonas Weber;2026-10-21T07:00:00.000Z;2026-10-21T15:00:00.000Z;CONFIRMED;1;Demo: 20 September - 20 November 2026;RSVROOM
d7200000-0000-4000-8000-020261021033;d5000000-0000-4000-8000-000000000123;d6100000-0000-4000-8000-000000000002;Team meeting - Jonas Weber;2026-10-21T08:00:00.000Z;2026-10-21T09:00:00.000Z;CONFIRMED;3;Demo: 20 September - 20 November 2026;RSVROOM
d7200000-0000-4000-8000-020261023031;d5000000-0000-4000-8000-000000000103;d6100000-0000-4000-8000-000000000002;Office day - Jonas Weber;2026-10-23T07:00:00.000Z;2026-10-23T15:00:00.000Z;CONFIRMED;1;Demo: 20 September - 20 November 2026;RSVROOM
d7200000-0000-4000-8000-020261023032;d5000000-0000-4000-8000-000000000143;d6100000-0000-4000-8000-000000000002;Office parking - Jonas Weber;2026-10-23T07:00:00.000Z;2026-10-23T15:00:00.000Z;CONFIRMED;1;Demo: 20 September - 20 November 2026;RSVROOM
d7200000-0000-4000-8000-020261027031;d5000000-0000-4000-8000-000000000103;d6100000-0000-4000-8000-000000000002;Office day - Jonas Weber;2026-10-27T08:00:00.000Z;2026-10-27T16:00:00.000Z;CONFIRMED;1;Demo: 20 September - 20 November 2026;RSVROOM
d7200000-0000-4000-8000-020261027032;d5000000-0000-4000-8000-000000000143;d6100000-0000-4000-8000-000000000002;Office parking - Jonas Weber;2026-10-27T08:00:00.000Z;2026-10-27T16:00:00.000Z;CONFIRMED;1;Demo: 20 September - 20 November 2026;RSVROOM
d7200000-0000-4000-8000-020261028031;d5000000-0000-4000-8000-000000000103;d6100000-0000-4000-8000-000000000002;Office day - Jonas Weber;2026-10-28T08:00:00.000Z;2026-10-28T16:00:00.000Z;CONFIRMED;1;Demo: 20 September - 20 November 2026;RSVROOM
d7200000-0000-4000-8000-020261028032;d5000000-0000-4000-8000-000000000143;d6100000-0000-4000-8000-000000000002;Office parking - Jonas Weber;2026-10-28T08:00:00.000Z;2026-10-28T16:00:00.000Z;CONFIRMED;1;Demo: 20 September - 20 November 2026;RSVROOM
d7200000-0000-4000-8000-020261028033;d5000000-0000-4000-8000-000000000123;d6100000-0000-4000-8000-000000000002;Team meeting - Jonas Weber;2026-10-28T09:00:00.000Z;2026-10-28T10:00:00.000Z;CONFIRMED;3;Demo: 20 September - 20 November 2026;RSVROOM
d7200000-0000-4000-8000-020261030031;d5000000-0000-4000-8000-000000000103;d6100000-0000-4000-8000-000000000002;Office day - Jonas Weber;2026-10-30T08:00:00.000Z;2026-10-30T16:00:00.000Z;CONFIRMED;1;Demo: 20 September - 20 November 2026;RSVROOM
d7200000-0000-4000-8000-020261030032;d5000000-0000-4000-8000-000000000143;d6100000-0000-4000-8000-000000000002;Office parking - Jonas Weber;2026-10-30T08:00:00.000Z;2026-10-30T16:00:00.000Z;CONFIRMED;1;Demo: 20 September - 20 November 2026;RSVROOM
d7200000-0000-4000-8000-020261103031;d5000000-0000-4000-8000-000000000103;d6100000-0000-4000-8000-000000000002;Office day - Jonas Weber;2026-11-03T08:00:00.000Z;2026-11-03T16:00:00.000Z;CONFIRMED;1;Demo: 20 September - 20 November 2026;RSVROOM
d7200000-0000-4000-8000-020261103032;d5000000-0000-4000-8000-000000000143;d6100000-0000-4000-8000-000000000002;Office parking - Jonas Weber;2026-11-03T08:00:00.000Z;2026-11-03T16:00:00.000Z;CONFIRMED;1;Demo: 20 September - 20 November 2026;RSVROOM
d7200000-0000-4000-8000-020261104031;d5000000-0000-4000-8000-000000000103;d6100000-0000-4000-8000-000000000002;Office day - Jonas Weber;2026-11-04T08:00:00.000Z;2026-11-04T16:00:00.000Z;CONFIRMED;1;Demo: 20 September - 20 November 2026;RSVROOM
d7200000-0000-4000-8000-020261104032;d5000000-0000-4000-8000-000000000143;d6100000-0000-4000-8000-000000000002;Office parking - Jonas Weber;2026-11-04T08:00:00.000Z;2026-11-04T16:00:00.000Z;CONFIRMED;1;Demo: 20 September - 20 November 2026;RSVROOM
d7200000-0000-4000-8000-020261104033;d5000000-0000-4000-8000-000000000123;d6100000-0000-4000-8000-000000000002;Team meeting - Jonas Weber;2026-11-04T09:00:00.000Z;2026-11-04T10:00:00.000Z;CONFIRMED;3;Demo: 20 September - 20 November 2026;RSVROOM
d7200000-0000-4000-8000-020261106031;d5000000-0000-4000-8000-000000000103;d6100000-0000-4000-8000-000000000002;Office day - Jonas Weber;2026-11-06T08:00:00.000Z;2026-11-06T16:00:00.000Z;CONFIRMED;1;Demo: 20 September - 20 November 2026;RSVROOM
d7200000-0000-4000-8000-020261106032;d5000000-0000-4000-8000-000000000143;d6100000-0000-4000-8000-000000000002;Office parking - Jonas Weber;2026-11-06T08:00:00.000Z;2026-11-06T16:00:00.000Z;CONFIRMED;1;Demo: 20 September - 20 November 2026;RSVROOM
d7200000-0000-4000-8000-020261110031;d5000000-0000-4000-8000-000000000103;d6100000-0000-4000-8000-000000000002;Office day - Jonas Weber;2026-11-10T08:00:00.000Z;2026-11-10T16:00:00.000Z;CONFIRMED;1;Demo: 20 September - 20 November 2026;RSVROOM
d7200000-0000-4000-8000-020261110032;d5000000-0000-4000-8000-000000000143;d6100000-0000-4000-8000-000000000002;Office parking - Jonas Weber;2026-11-10T08:00:00.000Z;2026-11-10T16:00:00.000Z;CONFIRMED;1;Demo: 20 September - 20 November 2026;RSVROOM
d7200000-0000-4000-8000-020261111031;d5000000-0000-4000-8000-000000000103;d6100000-0000-4000-8000-000000000002;Office day - Jonas Weber;2026-11-11T08:00:00.000Z;2026-11-11T16:00:00.000Z;CONFIRMED;1;Demo: 20 September - 20 November 2026;RSVROOM
d7200000-0000-4000-8000-020261111032;d5000000-0000-4000-8000-000000000143;d6100000-0000-4000-8000-000000000002;Office parking - Jonas Weber;2026-11-11T08:00:00.000Z;2026-11-11T16:00:00.000Z;CONFIRMED;1;Demo: 20 September - 20 November 2026;RSVROOM
d7200000-0000-4000-8000-020261111033;d5000000-0000-4000-8000-000000000123;d6100000-0000-4000-8000-000000000002;Team meeting - Jonas Weber;2026-11-11T09:00:00.000Z;2026-11-11T10:00:00.000Z;CONFIRMED;3;Demo: 20 September - 20 November 2026;RSVROOM
d7200000-0000-4000-8000-020261113031;d5000000-0000-4000-8000-000000000103;d6100000-0000-4000-8000-000000000002;Office day - Jonas Weber;2026-11-13T08:00:00.000Z;2026-11-13T16:00:00.000Z;CONFIRMED;1;Demo: 20 September - 20 November 2026;RSVROOM
d7200000-0000-4000-8000-020261113032;d5000000-0000-4000-8000-000000000143;d6100000-0000-4000-8000-000000000002;Office parking - Jonas Weber;2026-11-13T08:00:00.000Z;2026-11-13T16:00:00.000Z;CONFIRMED;1;Demo: 20 September - 20 November 2026;RSVROOM
d7200000-0000-4000-8000-020261117031;d5000000-0000-4000-8000-000000000103;d6100000-0000-4000-8000-000000000002;Office day - Jonas Weber;2026-11-17T08:00:00.000Z;2026-11-17T16:00:00.000Z;CONFIRMED;1;Demo: 20 September - 20 November 2026;RSVROOM
d7200000-0000-4000-8000-020261117032;d5000000-0000-4000-8000-000000000143;d6100000-0000-4000-8000-000000000002;Office parking - Jonas Weber;2026-11-17T08:00:00.000Z;2026-11-17T16:00:00.000Z;CONFIRMED;1;Demo: 20 September - 20 November 2026;RSVROOM
d7200000-0000-4000-8000-020261118031;d5000000-0000-4000-8000-000000000103;d6100000-0000-4000-8000-000000000002;Office day - Jonas Weber;2026-11-18T08:00:00.000Z;2026-11-18T16:00:00.000Z;CONFIRMED;1;Demo: 20 September - 20 November 2026;RSVROOM
d7200000-0000-4000-8000-020261118032;d5000000-0000-4000-8000-000000000143;d6100000-0000-4000-8000-000000000002;Office parking - Jonas Weber;2026-11-18T08:00:00.000Z;2026-11-18T16:00:00.000Z;CONFIRMED;1;Demo: 20 September - 20 November 2026;RSVROOM
d7200000-0000-4000-8000-020261118033;d5000000-0000-4000-8000-000000000123;d6100000-0000-4000-8000-000000000002;Team meeting - Jonas Weber;2026-11-18T09:00:00.000Z;2026-11-18T10:00:00.000Z;CONFIRMED;3;Demo: 20 September - 20 November 2026;RSVROOM
d7200000-0000-4000-8000-020261120031;d5000000-0000-4000-8000-000000000103;d6100000-0000-4000-8000-000000000002;Office day - Jonas Weber;2026-11-20T08:00:00.000Z;2026-11-20T16:00:00.000Z;CONFIRMED;1;Demo: 20 September - 20 November 2026;RSVROOM
d7200000-0000-4000-8000-020261120032;d5000000-0000-4000-8000-000000000143;d6100000-0000-4000-8000-000000000002;Office parking - Jonas Weber;2026-11-20T08:00:00.000Z;2026-11-20T16:00:00.000Z;CONFIRMED;1;Demo: 20 September - 20 November 2026;RSVROOM
d7200000-0000-4000-8000-020260921041;d5000000-0000-4000-8000-000000000201;60000000-0000-4000-8000-000000000002;Office day - Max Example;2026-09-21T07:00:00.000Z;2026-09-21T15:00:00.000Z;CONFIRMED;1;Demo: 20 September - 20 November 2026;RSVROOM
d7200000-0000-4000-8000-020260921042;d5000000-0000-4000-8000-000000000241;60000000-0000-4000-8000-000000000002;Office parking - Max Example;2026-09-21T07:00:00.000Z;2026-09-21T15:00:00.000Z;CONFIRMED;1;Demo: 20 September - 20 November 2026;RSVROOM
d7200000-0000-4000-8000-020260922041;d5000000-0000-4000-8000-000000000201;60000000-0000-4000-8000-000000000002;Office day - Max Example;2026-09-22T07:00:00.000Z;2026-09-22T15:00:00.000Z;CONFIRMED;1;Demo: 20 September - 20 November 2026;RSVROOM
d7200000-0000-4000-8000-020260922042;d5000000-0000-4000-8000-000000000241;60000000-0000-4000-8000-000000000002;Office parking - Max Example;2026-09-22T07:00:00.000Z;2026-09-22T15:00:00.000Z;CONFIRMED;1;Demo: 20 September - 20 November 2026;RSVROOM
d7200000-0000-4000-8000-020260922043;d5000000-0000-4000-8000-000000000221;60000000-0000-4000-8000-000000000002;Team meeting - Max Example;2026-09-22T08:00:00.000Z;2026-09-22T09:00:00.000Z;CONFIRMED;3;Demo: 20 September - 20 November 2026;RSVROOM
d7200000-0000-4000-8000-020260924041;d5000000-0000-4000-8000-000000000201;60000000-0000-4000-8000-000000000002;Office day - Max Example;2026-09-24T07:00:00.000Z;2026-09-24T15:00:00.000Z;CONFIRMED;1;Demo: 20 September - 20 November 2026;RSVROOM
d7200000-0000-4000-8000-020260924042;d5000000-0000-4000-8000-000000000241;60000000-0000-4000-8000-000000000002;Office parking - Max Example;2026-09-24T07:00:00.000Z;2026-09-24T15:00:00.000Z;CONFIRMED;1;Demo: 20 September - 20 November 2026;RSVROOM
d7200000-0000-4000-8000-020260925041;d5000000-0000-4000-8000-000000000201;60000000-0000-4000-8000-000000000002;Office day - Max Example;2026-09-25T07:00:00.000Z;2026-09-25T15:00:00.000Z;CONFIRMED;1;Demo: 20 September - 20 November 2026;RSVROOM
d7200000-0000-4000-8000-020260925042;d5000000-0000-4000-8000-000000000241;60000000-0000-4000-8000-000000000002;Office parking - Max Example;2026-09-25T07:00:00.000Z;2026-09-25T15:00:00.000Z;CONFIRMED;1;Demo: 20 September - 20 November 2026;RSVROOM
d7200000-0000-4000-8000-020260928041;d5000000-0000-4000-8000-000000000201;60000000-0000-4000-8000-000000000002;Office day - Max Example;2026-09-28T07:00:00.000Z;2026-09-28T15:00:00.000Z;CONFIRMED;1;Demo: 20 September - 20 November 2026;RSVROOM
d7200000-0000-4000-8000-020260928042;d5000000-0000-4000-8000-000000000241;60000000-0000-4000-8000-000000000002;Office parking - Max Example;2026-09-28T07:00:00.000Z;2026-09-28T15:00:00.000Z;CONFIRMED;1;Demo: 20 September - 20 November 2026;RSVROOM
d7200000-0000-4000-8000-020260929041;d5000000-0000-4000-8000-000000000201;60000000-0000-4000-8000-000000000002;Office day - Max Example;2026-09-29T07:00:00.000Z;2026-09-29T15:00:00.000Z;CONFIRMED;1;Demo: 20 September - 20 November 2026;RSVROOM
d7200000-0000-4000-8000-020260929042;d5000000-0000-4000-8000-000000000241;60000000-0000-4000-8000-000000000002;Office parking - Max Example;2026-09-29T07:00:00.000Z;2026-09-29T15:00:00.000Z;CONFIRMED;1;Demo: 20 September - 20 November 2026;RSVROOM
d7200000-0000-4000-8000-020260929043;d5000000-0000-4000-8000-000000000221;60000000-0000-4000-8000-000000000002;Team meeting - Max Example;2026-09-29T08:00:00.000Z;2026-09-29T09:00:00.000Z;CONFIRMED;3;Demo: 20 September - 20 November 2026;RSVROOM
d7200000-0000-4000-8000-020261001041;d5000000-0000-4000-8000-000000000201;60000000-0000-4000-8000-000000000002;Office day - Max Example;2026-10-01T07:00:00.000Z;2026-10-01T15:00:00.000Z;CONFIRMED;1;Demo: 20 September - 20 November 2026;RSVROOM
d7200000-0000-4000-8000-020261001042;d5000000-0000-4000-8000-000000000241;60000000-0000-4000-8000-000000000002;Office parking - Max Example;2026-10-01T07:00:00.000Z;2026-10-01T15:00:00.000Z;CONFIRMED;1;Demo: 20 September - 20 November 2026;RSVROOM
d7200000-0000-4000-8000-020261002041;d5000000-0000-4000-8000-000000000201;60000000-0000-4000-8000-000000000002;Office day - Max Example;2026-10-02T07:00:00.000Z;2026-10-02T15:00:00.000Z;CONFIRMED;1;Demo: 20 September - 20 November 2026;RSVROOM
d7200000-0000-4000-8000-020261002042;d5000000-0000-4000-8000-000000000241;60000000-0000-4000-8000-000000000002;Office parking - Max Example;2026-10-02T07:00:00.000Z;2026-10-02T15:00:00.000Z;CONFIRMED;1;Demo: 20 September - 20 November 2026;RSVROOM
d7200000-0000-4000-8000-020261005041;d5000000-0000-4000-8000-000000000201;60000000-0000-4000-8000-000000000002;Office day - Max Example;2026-10-05T07:00:00.000Z;2026-10-05T15:00:00.000Z;CONFIRMED;1;Demo: 20 September - 20 November 2026;RSVROOM
d7200000-0000-4000-8000-020261005042;d5000000-0000-4000-8000-000000000241;60000000-0000-4000-8000-000000000002;Office parking - Max Example;2026-10-05T07:00:00.000Z;2026-10-05T15:00:00.000Z;CONFIRMED;1;Demo: 20 September - 20 November 2026;RSVROOM
d7200000-0000-4000-8000-020261006041;d5000000-0000-4000-8000-000000000201;60000000-0000-4000-8000-000000000002;Office day - Max Example;2026-10-06T07:00:00.000Z;2026-10-06T15:00:00.000Z;CONFIRMED;1;Demo: 20 September - 20 November 2026;RSVROOM
d7200000-0000-4000-8000-020261006042;d5000000-0000-4000-8000-000000000241;60000000-0000-4000-8000-000000000002;Office parking - Max Example;2026-10-06T07:00:00.000Z;2026-10-06T15:00:00.000Z;CONFIRMED;1;Demo: 20 September - 20 November 2026;RSVROOM
d7200000-0000-4000-8000-020261006043;d5000000-0000-4000-8000-000000000221;60000000-0000-4000-8000-000000000002;Team meeting - Max Example;2026-10-06T08:00:00.000Z;2026-10-06T09:00:00.000Z;CONFIRMED;3;Demo: 20 September - 20 November 2026;RSVROOM
d7200000-0000-4000-8000-020261008041;d5000000-0000-4000-8000-000000000201;60000000-0000-4000-8000-000000000002;Office day - Max Example;2026-10-08T07:00:00.000Z;2026-10-08T15:00:00.000Z;CONFIRMED;1;Demo: 20 September - 20 November 2026;RSVROOM
d7200000-0000-4000-8000-020261008042;d5000000-0000-4000-8000-000000000241;60000000-0000-4000-8000-000000000002;Office parking - Max Example;2026-10-08T07:00:00.000Z;2026-10-08T15:00:00.000Z;CONFIRMED;1;Demo: 20 September - 20 November 2026;RSVROOM
d7200000-0000-4000-8000-020261009041;d5000000-0000-4000-8000-000000000201;60000000-0000-4000-8000-000000000002;Office day - Max Example;2026-10-09T07:00:00.000Z;2026-10-09T15:00:00.000Z;CONFIRMED;1;Demo: 20 September - 20 November 2026;RSVROOM
d7200000-0000-4000-8000-020261009042;d5000000-0000-4000-8000-000000000241;60000000-0000-4000-8000-000000000002;Office parking - Max Example;2026-10-09T07:00:00.000Z;2026-10-09T15:00:00.000Z;CONFIRMED;1;Demo: 20 September - 20 November 2026;RSVROOM
d7200000-0000-4000-8000-020261012041;d5000000-0000-4000-8000-000000000201;60000000-0000-4000-8000-000000000002;Office day - Max Example;2026-10-12T07:00:00.000Z;2026-10-12T15:00:00.000Z;CONFIRMED;1;Demo: 20 September - 20 November 2026;RSVROOM
d7200000-0000-4000-8000-020261012042;d5000000-0000-4000-8000-000000000241;60000000-0000-4000-8000-000000000002;Office parking - Max Example;2026-10-12T07:00:00.000Z;2026-10-12T15:00:00.000Z;CONFIRMED;1;Demo: 20 September - 20 November 2026;RSVROOM
d7200000-0000-4000-8000-020261013041;d5000000-0000-4000-8000-000000000201;60000000-0000-4000-8000-000000000002;Office day - Max Example;2026-10-13T07:00:00.000Z;2026-10-13T15:00:00.000Z;CONFIRMED;1;Demo: 20 September - 20 November 2026;RSVROOM
d7200000-0000-4000-8000-020261013042;d5000000-0000-4000-8000-000000000241;60000000-0000-4000-8000-000000000002;Office parking - Max Example;2026-10-13T07:00:00.000Z;2026-10-13T15:00:00.000Z;CONFIRMED;1;Demo: 20 September - 20 November 2026;RSVROOM
d7200000-0000-4000-8000-020261013043;d5000000-0000-4000-8000-000000000221;60000000-0000-4000-8000-000000000002;Team meeting - Max Example;2026-10-13T08:00:00.000Z;2026-10-13T09:00:00.000Z;CONFIRMED;3;Demo: 20 September - 20 November 2026;RSVROOM
d7200000-0000-4000-8000-020261015041;d5000000-0000-4000-8000-000000000201;60000000-0000-4000-8000-000000000002;Office day - Max Example;2026-10-15T07:00:00.000Z;2026-10-15T15:00:00.000Z;CONFIRMED;1;Demo: 20 September - 20 November 2026;RSVROOM
d7200000-0000-4000-8000-020261015042;d5000000-0000-4000-8000-000000000241;60000000-0000-4000-8000-000000000002;Office parking - Max Example;2026-10-15T07:00:00.000Z;2026-10-15T15:00:00.000Z;CONFIRMED;1;Demo: 20 September - 20 November 2026;RSVROOM
d7200000-0000-4000-8000-020261016041;d5000000-0000-4000-8000-000000000201;60000000-0000-4000-8000-000000000002;Office day - Max Example;2026-10-16T07:00:00.000Z;2026-10-16T15:00:00.000Z;CONFIRMED;1;Demo: 20 September - 20 November 2026;RSVROOM
d7200000-0000-4000-8000-020261016042;d5000000-0000-4000-8000-000000000241;60000000-0000-4000-8000-000000000002;Office parking - Max Example;2026-10-16T07:00:00.000Z;2026-10-16T15:00:00.000Z;CONFIRMED;1;Demo: 20 September - 20 November 2026;RSVROOM
d7200000-0000-4000-8000-020261019041;d5000000-0000-4000-8000-000000000201;60000000-0000-4000-8000-000000000002;Office day - Max Example;2026-10-19T07:00:00.000Z;2026-10-19T15:00:00.000Z;CONFIRMED;1;Demo: 20 September - 20 November 2026;RSVROOM
d7200000-0000-4000-8000-020261019042;d5000000-0000-4000-8000-000000000241;60000000-0000-4000-8000-000000000002;Office parking - Max Example;2026-10-19T07:00:00.000Z;2026-10-19T15:00:00.000Z;CONFIRMED;1;Demo: 20 September - 20 November 2026;RSVROOM
d7200000-0000-4000-8000-020261020041;d5000000-0000-4000-8000-000000000201;60000000-0000-4000-8000-000000000002;Office day - Max Example;2026-10-20T07:00:00.000Z;2026-10-20T15:00:00.000Z;CONFIRMED;1;Demo: 20 September - 20 November 2026;RSVROOM
d7200000-0000-4000-8000-020261020042;d5000000-0000-4000-8000-000000000241;60000000-0000-4000-8000-000000000002;Office parking - Max Example;2026-10-20T07:00:00.000Z;2026-10-20T15:00:00.000Z;CONFIRMED;1;Demo: 20 September - 20 November 2026;RSVROOM
d7200000-0000-4000-8000-020261020043;d5000000-0000-4000-8000-000000000221;60000000-0000-4000-8000-000000000002;Team meeting - Max Example;2026-10-20T08:00:00.000Z;2026-10-20T09:00:00.000Z;CONFIRMED;3;Demo: 20 September - 20 November 2026;RSVROOM
d7200000-0000-4000-8000-020261022041;d5000000-0000-4000-8000-000000000201;60000000-0000-4000-8000-000000000002;Office day - Max Example;2026-10-22T07:00:00.000Z;2026-10-22T15:00:00.000Z;CONFIRMED;1;Demo: 20 September - 20 November 2026;RSVROOM
d7200000-0000-4000-8000-020261022042;d5000000-0000-4000-8000-000000000241;60000000-0000-4000-8000-000000000002;Office parking - Max Example;2026-10-22T07:00:00.000Z;2026-10-22T15:00:00.000Z;CONFIRMED;1;Demo: 20 September - 20 November 2026;RSVROOM
d7200000-0000-4000-8000-020261023041;d5000000-0000-4000-8000-000000000201;60000000-0000-4000-8000-000000000002;Office day - Max Example;2026-10-23T07:00:00.000Z;2026-10-23T15:00:00.000Z;CONFIRMED;1;Demo: 20 September - 20 November 2026;RSVROOM
d7200000-0000-4000-8000-020261023042;d5000000-0000-4000-8000-000000000241;60000000-0000-4000-8000-000000000002;Office parking - Max Example;2026-10-23T07:00:00.000Z;2026-10-23T15:00:00.000Z;CONFIRMED;1;Demo: 20 September - 20 November 2026;RSVROOM
d7200000-0000-4000-8000-020261026041;d5000000-0000-4000-8000-000000000201;60000000-0000-4000-8000-000000000002;Office day - Max Example;2026-10-26T08:00:00.000Z;2026-10-26T16:00:00.000Z;CONFIRMED;1;Demo: 20 September - 20 November 2026;RSVROOM
d7200000-0000-4000-8000-020261026042;d5000000-0000-4000-8000-000000000241;60000000-0000-4000-8000-000000000002;Office parking - Max Example;2026-10-26T08:00:00.000Z;2026-10-26T16:00:00.000Z;CONFIRMED;1;Demo: 20 September - 20 November 2026;RSVROOM
d7200000-0000-4000-8000-020261027041;d5000000-0000-4000-8000-000000000201;60000000-0000-4000-8000-000000000002;Office day - Max Example;2026-10-27T08:00:00.000Z;2026-10-27T16:00:00.000Z;CONFIRMED;1;Demo: 20 September - 20 November 2026;RSVROOM
d7200000-0000-4000-8000-020261027042;d5000000-0000-4000-8000-000000000241;60000000-0000-4000-8000-000000000002;Office parking - Max Example;2026-10-27T08:00:00.000Z;2026-10-27T16:00:00.000Z;CONFIRMED;1;Demo: 20 September - 20 November 2026;RSVROOM
d7200000-0000-4000-8000-020261027043;d5000000-0000-4000-8000-000000000221;60000000-0000-4000-8000-000000000002;Team meeting - Max Example;2026-10-27T09:00:00.000Z;2026-10-27T10:00:00.000Z;CONFIRMED;3;Demo: 20 September - 20 November 2026;RSVROOM
d7200000-0000-4000-8000-020261029041;d5000000-0000-4000-8000-000000000201;60000000-0000-4000-8000-000000000002;Office day - Max Example;2026-10-29T08:00:00.000Z;2026-10-29T16:00:00.000Z;CONFIRMED;1;Demo: 20 September - 20 November 2026;RSVROOM
d7200000-0000-4000-8000-020261029042;d5000000-0000-4000-8000-000000000241;60000000-0000-4000-8000-000000000002;Office parking - Max Example;2026-10-29T08:00:00.000Z;2026-10-29T16:00:00.000Z;CONFIRMED;1;Demo: 20 September - 20 November 2026;RSVROOM
d7200000-0000-4000-8000-020261030041;d5000000-0000-4000-8000-000000000201;60000000-0000-4000-8000-000000000002;Office day - Max Example;2026-10-30T08:00:00.000Z;2026-10-30T16:00:00.000Z;CONFIRMED;1;Demo: 20 September - 20 November 2026;RSVROOM
d7200000-0000-4000-8000-020261030042;d5000000-0000-4000-8000-000000000241;60000000-0000-4000-8000-000000000002;Office parking - Max Example;2026-10-30T08:00:00.000Z;2026-10-30T16:00:00.000Z;CONFIRMED;1;Demo: 20 September - 20 November 2026;RSVROOM
d7200000-0000-4000-8000-020261102041;d5000000-0000-4000-8000-000000000201;60000000-0000-4000-8000-000000000002;Office day - Max Example;2026-11-02T08:00:00.000Z;2026-11-02T16:00:00.000Z;CONFIRMED;1;Demo: 20 September - 20 November 2026;RSVROOM
d7200000-0000-4000-8000-020261102042;d5000000-0000-4000-8000-000000000241;60000000-0000-4000-8000-000000000002;Office parking - Max Example;2026-11-02T08:00:00.000Z;2026-11-02T16:00:00.000Z;CONFIRMED;1;Demo: 20 September - 20 November 2026;RSVROOM
d7200000-0000-4000-8000-020261103041;d5000000-0000-4000-8000-000000000201;60000000-0000-4000-8000-000000000002;Office day - Max Example;2026-11-03T08:00:00.000Z;2026-11-03T16:00:00.000Z;CONFIRMED;1;Demo: 20 September - 20 November 2026;RSVROOM
d7200000-0000-4000-8000-020261103042;d5000000-0000-4000-8000-000000000241;60000000-0000-4000-8000-000000000002;Office parking - Max Example;2026-11-03T08:00:00.000Z;2026-11-03T16:00:00.000Z;CONFIRMED;1;Demo: 20 September - 20 November 2026;RSVROOM
d7200000-0000-4000-8000-020261103043;d5000000-0000-4000-8000-000000000221;60000000-0000-4000-8000-000000000002;Team meeting - Max Example;2026-11-03T09:00:00.000Z;2026-11-03T10:00:00.000Z;CONFIRMED;3;Demo: 20 September - 20 November 2026;RSVROOM
d7200000-0000-4000-8000-020261105041;d5000000-0000-4000-8000-000000000201;60000000-0000-4000-8000-000000000002;Office day - Max Example;2026-11-05T08:00:00.000Z;2026-11-05T16:00:00.000Z;CONFIRMED;1;Demo: 20 September - 20 November 2026;RSVROOM
d7200000-0000-4000-8000-020261105042;d5000000-0000-4000-8000-000000000241;60000000-0000-4000-8000-000000000002;Office parking - Max Example;2026-11-05T08:00:00.000Z;2026-11-05T16:00:00.000Z;CONFIRMED;1;Demo: 20 September - 20 November 2026;RSVROOM
d7200000-0000-4000-8000-020261106041;d5000000-0000-4000-8000-000000000201;60000000-0000-4000-8000-000000000002;Office day - Max Example;2026-11-06T08:00:00.000Z;2026-11-06T16:00:00.000Z;CONFIRMED;1;Demo: 20 September - 20 November 2026;RSVROOM
d7200000-0000-4000-8000-020261106042;d5000000-0000-4000-8000-000000000241;60000000-0000-4000-8000-000000000002;Office parking - Max Example;2026-11-06T08:00:00.000Z;2026-11-06T16:00:00.000Z;CONFIRMED;1;Demo: 20 September - 20 November 2026;RSVROOM
d7200000-0000-4000-8000-020261109041;d5000000-0000-4000-8000-000000000201;60000000-0000-4000-8000-000000000002;Office day - Max Example;2026-11-09T08:00:00.000Z;2026-11-09T16:00:00.000Z;CONFIRMED;1;Demo: 20 September - 20 November 2026;RSVROOM
d7200000-0000-4000-8000-020261109042;d5000000-0000-4000-8000-000000000241;60000000-0000-4000-8000-000000000002;Office parking - Max Example;2026-11-09T08:00:00.000Z;2026-11-09T16:00:00.000Z;CONFIRMED;1;Demo: 20 September - 20 November 2026;RSVROOM
d7200000-0000-4000-8000-020261110041;d5000000-0000-4000-8000-000000000201;60000000-0000-4000-8000-000000000002;Office day - Max Example;2026-11-10T08:00:00.000Z;2026-11-10T16:00:00.000Z;CONFIRMED;1;Demo: 20 September - 20 November 2026;RSVROOM
d7200000-0000-4000-8000-020261110042;d5000000-0000-4000-8000-000000000241;60000000-0000-4000-8000-000000000002;Office parking - Max Example;2026-11-10T08:00:00.000Z;2026-11-10T16:00:00.000Z;CONFIRMED;1;Demo: 20 September - 20 November 2026;RSVROOM
d7200000-0000-4000-8000-020261110043;d5000000-0000-4000-8000-000000000221;60000000-0000-4000-8000-000000000002;Team meeting - Max Example;2026-11-10T09:00:00.000Z;2026-11-10T10:00:00.000Z;CONFIRMED;3;Demo: 20 September - 20 November 2026;RSVROOM
d7200000-0000-4000-8000-020261112041;d5000000-0000-4000-8000-000000000201;60000000-0000-4000-8000-000000000002;Office day - Max Example;2026-11-12T08:00:00.000Z;2026-11-12T16:00:00.000Z;CONFIRMED;1;Demo: 20 September - 20 November 2026;RSVROOM
d7200000-0000-4000-8000-020261112042;d5000000-0000-4000-8000-000000000241;60000000-0000-4000-8000-000000000002;Office parking - Max Example;2026-11-12T08:00:00.000Z;2026-11-12T16:00:00.000Z;CONFIRMED;1;Demo: 20 September - 20 November 2026;RSVROOM
d7200000-0000-4000-8000-020261113041;d5000000-0000-4000-8000-000000000201;60000000-0000-4000-8000-000000000002;Office day - Max Example;2026-11-13T08:00:00.000Z;2026-11-13T16:00:00.000Z;CONFIRMED;1;Demo: 20 September - 20 November 2026;RSVROOM
d7200000-0000-4000-8000-020261113042;d5000000-0000-4000-8000-000000000241;60000000-0000-4000-8000-000000000002;Office parking - Max Example;2026-11-13T08:00:00.000Z;2026-11-13T16:00:00.000Z;CONFIRMED;1;Demo: 20 September - 20 November 2026;RSVROOM
d7200000-0000-4000-8000-020261116041;d5000000-0000-4000-8000-000000000201;60000000-0000-4000-8000-000000000002;Office day - Max Example;2026-11-16T08:00:00.000Z;2026-11-16T16:00:00.000Z;CONFIRMED;1;Demo: 20 September - 20 November 2026;RSVROOM
d7200000-0000-4000-8000-020261116042;d5000000-0000-4000-8000-000000000241;60000000-0000-4000-8000-000000000002;Office parking - Max Example;2026-11-16T08:00:00.000Z;2026-11-16T16:00:00.000Z;CONFIRMED;1;Demo: 20 September - 20 November 2026;RSVROOM
d7200000-0000-4000-8000-020261117041;d5000000-0000-4000-8000-000000000201;60000000-0000-4000-8000-000000000002;Office day - Max Example;2026-11-17T08:00:00.000Z;2026-11-17T16:00:00.000Z;CONFIRMED;1;Demo: 20 September - 20 November 2026;RSVROOM
d7200000-0000-4000-8000-020261117042;d5000000-0000-4000-8000-000000000241;60000000-0000-4000-8000-000000000002;Office parking - Max Example;2026-11-17T08:00:00.000Z;2026-11-17T16:00:00.000Z;CONFIRMED;1;Demo: 20 September - 20 November 2026;RSVROOM
d7200000-0000-4000-8000-020261117043;d5000000-0000-4000-8000-000000000221;60000000-0000-4000-8000-000000000002;Team meeting - Max Example;2026-11-17T09:00:00.000Z;2026-11-17T10:00:00.000Z;CONFIRMED;3;Demo: 20 September - 20 November 2026;RSVROOM
d7200000-0000-4000-8000-020261119041;d5000000-0000-4000-8000-000000000201;60000000-0000-4000-8000-000000000002;Office day - Max Example;2026-11-19T08:00:00.000Z;2026-11-19T16:00:00.000Z;CONFIRMED;1;Demo: 20 September - 20 November 2026;RSVROOM
d7200000-0000-4000-8000-020261119042;d5000000-0000-4000-8000-000000000241;60000000-0000-4000-8000-000000000002;Office parking - Max Example;2026-11-19T08:00:00.000Z;2026-11-19T16:00:00.000Z;CONFIRMED;1;Demo: 20 September - 20 November 2026;RSVROOM
d7200000-0000-4000-8000-020261120041;d5000000-0000-4000-8000-000000000201;60000000-0000-4000-8000-000000000002;Office day - Max Example;2026-11-20T08:00:00.000Z;2026-11-20T16:00:00.000Z;CONFIRMED;1;Demo: 20 September - 20 November 2026;RSVROOM
d7200000-0000-4000-8000-020261120042;d5000000-0000-4000-8000-000000000241;60000000-0000-4000-8000-000000000002;Office parking - Max Example;2026-11-20T08:00:00.000Z;2026-11-20T16:00:00.000Z;CONFIRMED;1;Demo: 20 September - 20 November 2026;RSVROOM
d7200000-0000-4000-8000-020260921051;d5000000-0000-4000-8000-000000000202;d6100000-0000-4000-8000-000000000003;Office day - Emma Schneider;2026-09-21T07:00:00.000Z;2026-09-21T15:00:00.000Z;CONFIRMED;1;Demo: 20 September - 20 November 2026;RSVROOM
d7200000-0000-4000-8000-020260922051;d5000000-0000-4000-8000-000000000202;d6100000-0000-4000-8000-000000000003;Office day - Emma Schneider;2026-09-22T07:00:00.000Z;2026-09-22T15:00:00.000Z;CONFIRMED;1;Demo: 20 September - 20 November 2026;RSVROOM
d7200000-0000-4000-8000-020260924051;d5000000-0000-4000-8000-000000000202;d6100000-0000-4000-8000-000000000003;Office day - Emma Schneider;2026-09-24T07:00:00.000Z;2026-09-24T15:00:00.000Z;CONFIRMED;1;Demo: 20 September - 20 November 2026;RSVROOM
d7200000-0000-4000-8000-020260924053;d5000000-0000-4000-8000-000000000222;d6100000-0000-4000-8000-000000000003;Team meeting - Emma Schneider;2026-09-24T08:00:00.000Z;2026-09-24T09:00:00.000Z;CONFIRMED;3;Demo: 20 September - 20 November 2026;RSVROOM
d7200000-0000-4000-8000-020260928051;d5000000-0000-4000-8000-000000000202;d6100000-0000-4000-8000-000000000003;Office day - Emma Schneider;2026-09-28T07:00:00.000Z;2026-09-28T15:00:00.000Z;CONFIRMED;1;Demo: 20 September - 20 November 2026;RSVROOM
d7200000-0000-4000-8000-020260929051;d5000000-0000-4000-8000-000000000202;d6100000-0000-4000-8000-000000000003;Office day - Emma Schneider;2026-09-29T07:00:00.000Z;2026-09-29T15:00:00.000Z;CONFIRMED;1;Demo: 20 September - 20 November 2026;RSVROOM
d7200000-0000-4000-8000-020261001051;d5000000-0000-4000-8000-000000000202;d6100000-0000-4000-8000-000000000003;Office day - Emma Schneider;2026-10-01T07:00:00.000Z;2026-10-01T15:00:00.000Z;CONFIRMED;1;Demo: 20 September - 20 November 2026;RSVROOM
d7200000-0000-4000-8000-020261001053;d5000000-0000-4000-8000-000000000222;d6100000-0000-4000-8000-000000000003;Team meeting - Emma Schneider;2026-10-01T08:00:00.000Z;2026-10-01T09:00:00.000Z;CONFIRMED;3;Demo: 20 September - 20 November 2026;RSVROOM
d7200000-0000-4000-8000-020261005051;d5000000-0000-4000-8000-000000000202;d6100000-0000-4000-8000-000000000003;Office day - Emma Schneider;2026-10-05T07:00:00.000Z;2026-10-05T15:00:00.000Z;CONFIRMED;1;Demo: 20 September - 20 November 2026;RSVROOM
d7200000-0000-4000-8000-020261006051;d5000000-0000-4000-8000-000000000202;d6100000-0000-4000-8000-000000000003;Office day - Emma Schneider;2026-10-06T07:00:00.000Z;2026-10-06T15:00:00.000Z;CONFIRMED;1;Demo: 20 September - 20 November 2026;RSVROOM
d7200000-0000-4000-8000-020261008051;d5000000-0000-4000-8000-000000000202;d6100000-0000-4000-8000-000000000003;Office day - Emma Schneider;2026-10-08T07:00:00.000Z;2026-10-08T15:00:00.000Z;CONFIRMED;1;Demo: 20 September - 20 November 2026;RSVROOM
d7200000-0000-4000-8000-020261008053;d5000000-0000-4000-8000-000000000222;d6100000-0000-4000-8000-000000000003;Team meeting - Emma Schneider;2026-10-08T08:00:00.000Z;2026-10-08T09:00:00.000Z;CONFIRMED;3;Demo: 20 September - 20 November 2026;RSVROOM
d7200000-0000-4000-8000-020261012051;d5000000-0000-4000-8000-000000000202;d6100000-0000-4000-8000-000000000003;Office day - Emma Schneider;2026-10-12T07:00:00.000Z;2026-10-12T15:00:00.000Z;CONFIRMED;1;Demo: 20 September - 20 November 2026;RSVROOM
d7200000-0000-4000-8000-020261013051;d5000000-0000-4000-8000-000000000202;d6100000-0000-4000-8000-000000000003;Office day - Emma Schneider;2026-10-13T07:00:00.000Z;2026-10-13T15:00:00.000Z;CONFIRMED;1;Demo: 20 September - 20 November 2026;RSVROOM
d7200000-0000-4000-8000-020261015051;d5000000-0000-4000-8000-000000000202;d6100000-0000-4000-8000-000000000003;Office day - Emma Schneider;2026-10-15T07:00:00.000Z;2026-10-15T15:00:00.000Z;CONFIRMED;1;Demo: 20 September - 20 November 2026;RSVROOM
d7200000-0000-4000-8000-020261015053;d5000000-0000-4000-8000-000000000222;d6100000-0000-4000-8000-000000000003;Team meeting - Emma Schneider;2026-10-15T08:00:00.000Z;2026-10-15T09:00:00.000Z;CONFIRMED;3;Demo: 20 September - 20 November 2026;RSVROOM
d7200000-0000-4000-8000-020261019051;d5000000-0000-4000-8000-000000000202;d6100000-0000-4000-8000-000000000003;Office day - Emma Schneider;2026-10-19T07:00:00.000Z;2026-10-19T15:00:00.000Z;CONFIRMED;1;Demo: 20 September - 20 November 2026;RSVROOM
d7200000-0000-4000-8000-020261020051;d5000000-0000-4000-8000-000000000202;d6100000-0000-4000-8000-000000000003;Office day - Emma Schneider;2026-10-20T07:00:00.000Z;2026-10-20T15:00:00.000Z;CONFIRMED;1;Demo: 20 September - 20 November 2026;RSVROOM
d7200000-0000-4000-8000-020261022051;d5000000-0000-4000-8000-000000000202;d6100000-0000-4000-8000-000000000003;Office day - Emma Schneider;2026-10-22T07:00:00.000Z;2026-10-22T15:00:00.000Z;CONFIRMED;1;Demo: 20 September - 20 November 2026;RSVROOM
d7200000-0000-4000-8000-020261022053;d5000000-0000-4000-8000-000000000222;d6100000-0000-4000-8000-000000000003;Team meeting - Emma Schneider;2026-10-22T08:00:00.000Z;2026-10-22T09:00:00.000Z;CONFIRMED;3;Demo: 20 September - 20 November 2026;RSVROOM
d7200000-0000-4000-8000-020261026051;d5000000-0000-4000-8000-000000000202;d6100000-0000-4000-8000-000000000003;Office day - Emma Schneider;2026-10-26T08:00:00.000Z;2026-10-26T16:00:00.000Z;CONFIRMED;1;Demo: 20 September - 20 November 2026;RSVROOM
d7200000-0000-4000-8000-020261027051;d5000000-0000-4000-8000-000000000202;d6100000-0000-4000-8000-000000000003;Office day - Emma Schneider;2026-10-27T08:00:00.000Z;2026-10-27T16:00:00.000Z;CONFIRMED;1;Demo: 20 September - 20 November 2026;RSVROOM
d7200000-0000-4000-8000-020261029051;d5000000-0000-4000-8000-000000000202;d6100000-0000-4000-8000-000000000003;Office day - Emma Schneider;2026-10-29T08:00:00.000Z;2026-10-29T16:00:00.000Z;CONFIRMED;1;Demo: 20 September - 20 November 2026;RSVROOM
d7200000-0000-4000-8000-020261029053;d5000000-0000-4000-8000-000000000222;d6100000-0000-4000-8000-000000000003;Team meeting - Emma Schneider;2026-10-29T09:00:00.000Z;2026-10-29T10:00:00.000Z;CONFIRMED;3;Demo: 20 September - 20 November 2026;RSVROOM
d7200000-0000-4000-8000-020261102051;d5000000-0000-4000-8000-000000000202;d6100000-0000-4000-8000-000000000003;Office day - Emma Schneider;2026-11-02T08:00:00.000Z;2026-11-02T16:00:00.000Z;CONFIRMED;1;Demo: 20 September - 20 November 2026;RSVROOM
d7200000-0000-4000-8000-020261103051;d5000000-0000-4000-8000-000000000202;d6100000-0000-4000-8000-000000000003;Office day - Emma Schneider;2026-11-03T08:00:00.000Z;2026-11-03T16:00:00.000Z;CONFIRMED;1;Demo: 20 September - 20 November 2026;RSVROOM
d7200000-0000-4000-8000-020261105051;d5000000-0000-4000-8000-000000000202;d6100000-0000-4000-8000-000000000003;Office day - Emma Schneider;2026-11-05T08:00:00.000Z;2026-11-05T16:00:00.000Z;CONFIRMED;1;Demo: 20 September - 20 November 2026;RSVROOM
d7200000-0000-4000-8000-020261105053;d5000000-0000-4000-8000-000000000222;d6100000-0000-4000-8000-000000000003;Team meeting - Emma Schneider;2026-11-05T09:00:00.000Z;2026-11-05T10:00:00.000Z;CONFIRMED;3;Demo: 20 September - 20 November 2026;RSVROOM
d7200000-0000-4000-8000-020261109051;d5000000-0000-4000-8000-000000000202;d6100000-0000-4000-8000-000000000003;Office day - Emma Schneider;2026-11-09T08:00:00.000Z;2026-11-09T16:00:00.000Z;CONFIRMED;1;Demo: 20 September - 20 November 2026;RSVROOM
d7200000-0000-4000-8000-020261110051;d5000000-0000-4000-8000-000000000202;d6100000-0000-4000-8000-000000000003;Office day - Emma Schneider;2026-11-10T08:00:00.000Z;2026-11-10T16:00:00.000Z;CONFIRMED;1;Demo: 20 September - 20 November 2026;RSVROOM
d7200000-0000-4000-8000-020261112051;d5000000-0000-4000-8000-000000000202;d6100000-0000-4000-8000-000000000003;Office day - Emma Schneider;2026-11-12T08:00:00.000Z;2026-11-12T16:00:00.000Z;CONFIRMED;1;Demo: 20 September - 20 November 2026;RSVROOM
d7200000-0000-4000-8000-020261112053;d5000000-0000-4000-8000-000000000222;d6100000-0000-4000-8000-000000000003;Team meeting - Emma Schneider;2026-11-12T09:00:00.000Z;2026-11-12T10:00:00.000Z;CONFIRMED;3;Demo: 20 September - 20 November 2026;RSVROOM
d7200000-0000-4000-8000-020261116051;d5000000-0000-4000-8000-000000000202;d6100000-0000-4000-8000-000000000003;Office day - Emma Schneider;2026-11-16T08:00:00.000Z;2026-11-16T16:00:00.000Z;CONFIRMED;1;Demo: 20 September - 20 November 2026;RSVROOM
d7200000-0000-4000-8000-020261117051;d5000000-0000-4000-8000-000000000202;d6100000-0000-4000-8000-000000000003;Office day - Emma Schneider;2026-11-17T08:00:00.000Z;2026-11-17T16:00:00.000Z;CONFIRMED;1;Demo: 20 September - 20 November 2026;RSVROOM
d7200000-0000-4000-8000-020261119051;d5000000-0000-4000-8000-000000000202;d6100000-0000-4000-8000-000000000003;Office day - Emma Schneider;2026-11-19T08:00:00.000Z;2026-11-19T16:00:00.000Z;CONFIRMED;1;Demo: 20 September - 20 November 2026;RSVROOM
d7200000-0000-4000-8000-020261119053;d5000000-0000-4000-8000-000000000222;d6100000-0000-4000-8000-000000000003;Team meeting - Emma Schneider;2026-11-19T09:00:00.000Z;2026-11-19T10:00:00.000Z;CONFIRMED;3;Demo: 20 September - 20 November 2026;RSVROOM
d7200000-0000-4000-8000-020260922061;d5000000-0000-4000-8000-000000000203;d6100000-0000-4000-8000-000000000004;Office day - Felix Bauer;2026-09-22T07:00:00.000Z;2026-09-22T15:00:00.000Z;CONFIRMED;1;Demo: 20 September - 20 November 2026;RSVROOM
d7200000-0000-4000-8000-020260922062;d5000000-0000-4000-8000-000000000243;d6100000-0000-4000-8000-000000000004;Office parking - Felix Bauer;2026-09-22T07:00:00.000Z;2026-09-22T15:00:00.000Z;CONFIRMED;1;Demo: 20 September - 20 November 2026;RSVROOM
d7200000-0000-4000-8000-020260923061;d5000000-0000-4000-8000-000000000203;d6100000-0000-4000-8000-000000000004;Office day - Felix Bauer;2026-09-23T07:00:00.000Z;2026-09-23T15:00:00.000Z;CONFIRMED;1;Demo: 20 September - 20 November 2026;RSVROOM
d7200000-0000-4000-8000-020260923062;d5000000-0000-4000-8000-000000000243;d6100000-0000-4000-8000-000000000004;Office parking - Felix Bauer;2026-09-23T07:00:00.000Z;2026-09-23T15:00:00.000Z;CONFIRMED;1;Demo: 20 September - 20 November 2026;RSVROOM
d7200000-0000-4000-8000-020260923063;d5000000-0000-4000-8000-000000000223;d6100000-0000-4000-8000-000000000004;Team meeting - Felix Bauer;2026-09-23T08:00:00.000Z;2026-09-23T09:00:00.000Z;CONFIRMED;3;Demo: 20 September - 20 November 2026;RSVROOM
d7200000-0000-4000-8000-020260925061;d5000000-0000-4000-8000-000000000203;d6100000-0000-4000-8000-000000000004;Office day - Felix Bauer;2026-09-25T07:00:00.000Z;2026-09-25T15:00:00.000Z;CONFIRMED;1;Demo: 20 September - 20 November 2026;RSVROOM
d7200000-0000-4000-8000-020260925062;d5000000-0000-4000-8000-000000000243;d6100000-0000-4000-8000-000000000004;Office parking - Felix Bauer;2026-09-25T07:00:00.000Z;2026-09-25T15:00:00.000Z;CONFIRMED;1;Demo: 20 September - 20 November 2026;RSVROOM
d7200000-0000-4000-8000-020260929061;d5000000-0000-4000-8000-000000000203;d6100000-0000-4000-8000-000000000004;Office day - Felix Bauer;2026-09-29T07:00:00.000Z;2026-09-29T15:00:00.000Z;CONFIRMED;1;Demo: 20 September - 20 November 2026;RSVROOM
d7200000-0000-4000-8000-020260929062;d5000000-0000-4000-8000-000000000243;d6100000-0000-4000-8000-000000000004;Office parking - Felix Bauer;2026-09-29T07:00:00.000Z;2026-09-29T15:00:00.000Z;CONFIRMED;1;Demo: 20 September - 20 November 2026;RSVROOM
d7200000-0000-4000-8000-020260930061;d5000000-0000-4000-8000-000000000203;d6100000-0000-4000-8000-000000000004;Office day - Felix Bauer;2026-09-30T07:00:00.000Z;2026-09-30T15:00:00.000Z;CONFIRMED;1;Demo: 20 September - 20 November 2026;RSVROOM
d7200000-0000-4000-8000-020260930062;d5000000-0000-4000-8000-000000000243;d6100000-0000-4000-8000-000000000004;Office parking - Felix Bauer;2026-09-30T07:00:00.000Z;2026-09-30T15:00:00.000Z;CONFIRMED;1;Demo: 20 September - 20 November 2026;RSVROOM
d7200000-0000-4000-8000-020260930063;d5000000-0000-4000-8000-000000000223;d6100000-0000-4000-8000-000000000004;Team meeting - Felix Bauer;2026-09-30T08:00:00.000Z;2026-09-30T09:00:00.000Z;CONFIRMED;3;Demo: 20 September - 20 November 2026;RSVROOM
d7200000-0000-4000-8000-020261002061;d5000000-0000-4000-8000-000000000203;d6100000-0000-4000-8000-000000000004;Office day - Felix Bauer;2026-10-02T07:00:00.000Z;2026-10-02T15:00:00.000Z;CONFIRMED;1;Demo: 20 September - 20 November 2026;RSVROOM
d7200000-0000-4000-8000-020261002062;d5000000-0000-4000-8000-000000000243;d6100000-0000-4000-8000-000000000004;Office parking - Felix Bauer;2026-10-02T07:00:00.000Z;2026-10-02T15:00:00.000Z;CONFIRMED;1;Demo: 20 September - 20 November 2026;RSVROOM
d7200000-0000-4000-8000-020261006061;d5000000-0000-4000-8000-000000000203;d6100000-0000-4000-8000-000000000004;Office day - Felix Bauer;2026-10-06T07:00:00.000Z;2026-10-06T15:00:00.000Z;CONFIRMED;1;Demo: 20 September - 20 November 2026;RSVROOM
d7200000-0000-4000-8000-020261006062;d5000000-0000-4000-8000-000000000243;d6100000-0000-4000-8000-000000000004;Office parking - Felix Bauer;2026-10-06T07:00:00.000Z;2026-10-06T15:00:00.000Z;CONFIRMED;1;Demo: 20 September - 20 November 2026;RSVROOM
d7200000-0000-4000-8000-020261007061;d5000000-0000-4000-8000-000000000203;d6100000-0000-4000-8000-000000000004;Office day - Felix Bauer;2026-10-07T07:00:00.000Z;2026-10-07T15:00:00.000Z;CONFIRMED;1;Demo: 20 September - 20 November 2026;RSVROOM
d7200000-0000-4000-8000-020261007062;d5000000-0000-4000-8000-000000000243;d6100000-0000-4000-8000-000000000004;Office parking - Felix Bauer;2026-10-07T07:00:00.000Z;2026-10-07T15:00:00.000Z;CONFIRMED;1;Demo: 20 September - 20 November 2026;RSVROOM
d7200000-0000-4000-8000-020261007063;d5000000-0000-4000-8000-000000000223;d6100000-0000-4000-8000-000000000004;Team meeting - Felix Bauer;2026-10-07T08:00:00.000Z;2026-10-07T09:00:00.000Z;CONFIRMED;3;Demo: 20 September - 20 November 2026;RSVROOM
d7200000-0000-4000-8000-020261009061;d5000000-0000-4000-8000-000000000203;d6100000-0000-4000-8000-000000000004;Office day - Felix Bauer;2026-10-09T07:00:00.000Z;2026-10-09T15:00:00.000Z;CONFIRMED;1;Demo: 20 September - 20 November 2026;RSVROOM
d7200000-0000-4000-8000-020261009062;d5000000-0000-4000-8000-000000000243;d6100000-0000-4000-8000-000000000004;Office parking - Felix Bauer;2026-10-09T07:00:00.000Z;2026-10-09T15:00:00.000Z;CONFIRMED;1;Demo: 20 September - 20 November 2026;RSVROOM
d7200000-0000-4000-8000-020261013061;d5000000-0000-4000-8000-000000000203;d6100000-0000-4000-8000-000000000004;Office day - Felix Bauer;2026-10-13T07:00:00.000Z;2026-10-13T15:00:00.000Z;CONFIRMED;1;Demo: 20 September - 20 November 2026;RSVROOM
d7200000-0000-4000-8000-020261013062;d5000000-0000-4000-8000-000000000243;d6100000-0000-4000-8000-000000000004;Office parking - Felix Bauer;2026-10-13T07:00:00.000Z;2026-10-13T15:00:00.000Z;CONFIRMED;1;Demo: 20 September - 20 November 2026;RSVROOM
d7200000-0000-4000-8000-020261014061;d5000000-0000-4000-8000-000000000203;d6100000-0000-4000-8000-000000000004;Office day - Felix Bauer;2026-10-14T07:00:00.000Z;2026-10-14T15:00:00.000Z;CONFIRMED;1;Demo: 20 September - 20 November 2026;RSVROOM
d7200000-0000-4000-8000-020261014062;d5000000-0000-4000-8000-000000000243;d6100000-0000-4000-8000-000000000004;Office parking - Felix Bauer;2026-10-14T07:00:00.000Z;2026-10-14T15:00:00.000Z;CONFIRMED;1;Demo: 20 September - 20 November 2026;RSVROOM
d7200000-0000-4000-8000-020261014063;d5000000-0000-4000-8000-000000000223;d6100000-0000-4000-8000-000000000004;Team meeting - Felix Bauer;2026-10-14T08:00:00.000Z;2026-10-14T09:00:00.000Z;CONFIRMED;3;Demo: 20 September - 20 November 2026;RSVROOM
d7200000-0000-4000-8000-020261016061;d5000000-0000-4000-8000-000000000203;d6100000-0000-4000-8000-000000000004;Office day - Felix Bauer;2026-10-16T07:00:00.000Z;2026-10-16T15:00:00.000Z;CONFIRMED;1;Demo: 20 September - 20 November 2026;RSVROOM
d7200000-0000-4000-8000-020261016062;d5000000-0000-4000-8000-000000000243;d6100000-0000-4000-8000-000000000004;Office parking - Felix Bauer;2026-10-16T07:00:00.000Z;2026-10-16T15:00:00.000Z;CONFIRMED;1;Demo: 20 September - 20 November 2026;RSVROOM
d7200000-0000-4000-8000-020261020061;d5000000-0000-4000-8000-000000000203;d6100000-0000-4000-8000-000000000004;Office day - Felix Bauer;2026-10-20T07:00:00.000Z;2026-10-20T15:00:00.000Z;CONFIRMED;1;Demo: 20 September - 20 November 2026;RSVROOM
d7200000-0000-4000-8000-020261020062;d5000000-0000-4000-8000-000000000243;d6100000-0000-4000-8000-000000000004;Office parking - Felix Bauer;2026-10-20T07:00:00.000Z;2026-10-20T15:00:00.000Z;CONFIRMED;1;Demo: 20 September - 20 November 2026;RSVROOM
d7200000-0000-4000-8000-020261021061;d5000000-0000-4000-8000-000000000203;d6100000-0000-4000-8000-000000000004;Office day - Felix Bauer;2026-10-21T07:00:00.000Z;2026-10-21T15:00:00.000Z;CONFIRMED;1;Demo: 20 September - 20 November 2026;RSVROOM
d7200000-0000-4000-8000-020261021062;d5000000-0000-4000-8000-000000000243;d6100000-0000-4000-8000-000000000004;Office parking - Felix Bauer;2026-10-21T07:00:00.000Z;2026-10-21T15:00:00.000Z;CONFIRMED;1;Demo: 20 September - 20 November 2026;RSVROOM
d7200000-0000-4000-8000-020261021063;d5000000-0000-4000-8000-000000000223;d6100000-0000-4000-8000-000000000004;Team meeting - Felix Bauer;2026-10-21T08:00:00.000Z;2026-10-21T09:00:00.000Z;CONFIRMED;3;Demo: 20 September - 20 November 2026;RSVROOM
d7200000-0000-4000-8000-020261023061;d5000000-0000-4000-8000-000000000203;d6100000-0000-4000-8000-000000000004;Office day - Felix Bauer;2026-10-23T07:00:00.000Z;2026-10-23T15:00:00.000Z;CONFIRMED;1;Demo: 20 September - 20 November 2026;RSVROOM
d7200000-0000-4000-8000-020261023062;d5000000-0000-4000-8000-000000000243;d6100000-0000-4000-8000-000000000004;Office parking - Felix Bauer;2026-10-23T07:00:00.000Z;2026-10-23T15:00:00.000Z;CONFIRMED;1;Demo: 20 September - 20 November 2026;RSVROOM
d7200000-0000-4000-8000-020261027061;d5000000-0000-4000-8000-000000000203;d6100000-0000-4000-8000-000000000004;Office day - Felix Bauer;2026-10-27T08:00:00.000Z;2026-10-27T16:00:00.000Z;CONFIRMED;1;Demo: 20 September - 20 November 2026;RSVROOM
d7200000-0000-4000-8000-020261027062;d5000000-0000-4000-8000-000000000243;d6100000-0000-4000-8000-000000000004;Office parking - Felix Bauer;2026-10-27T08:00:00.000Z;2026-10-27T16:00:00.000Z;CONFIRMED;1;Demo: 20 September - 20 November 2026;RSVROOM
d7200000-0000-4000-8000-020261028061;d5000000-0000-4000-8000-000000000203;d6100000-0000-4000-8000-000000000004;Office day - Felix Bauer;2026-10-28T08:00:00.000Z;2026-10-28T16:00:00.000Z;CONFIRMED;1;Demo: 20 September - 20 November 2026;RSVROOM
d7200000-0000-4000-8000-020261028062;d5000000-0000-4000-8000-000000000243;d6100000-0000-4000-8000-000000000004;Office parking - Felix Bauer;2026-10-28T08:00:00.000Z;2026-10-28T16:00:00.000Z;CONFIRMED;1;Demo: 20 September - 20 November 2026;RSVROOM
d7200000-0000-4000-8000-020261028063;d5000000-0000-4000-8000-000000000223;d6100000-0000-4000-8000-000000000004;Team meeting - Felix Bauer;2026-10-28T09:00:00.000Z;2026-10-28T10:00:00.000Z;CONFIRMED;3;Demo: 20 September - 20 November 2026;RSVROOM
d7200000-0000-4000-8000-020261030061;d5000000-0000-4000-8000-000000000203;d6100000-0000-4000-8000-000000000004;Office day - Felix Bauer;2026-10-30T08:00:00.000Z;2026-10-30T16:00:00.000Z;CONFIRMED;1;Demo: 20 September - 20 November 2026;RSVROOM
d7200000-0000-4000-8000-020261030062;d5000000-0000-4000-8000-000000000243;d6100000-0000-4000-8000-000000000004;Office parking - Felix Bauer;2026-10-30T08:00:00.000Z;2026-10-30T16:00:00.000Z;CONFIRMED;1;Demo: 20 September - 20 November 2026;RSVROOM
d7200000-0000-4000-8000-020261103061;d5000000-0000-4000-8000-000000000203;d6100000-0000-4000-8000-000000000004;Office day - Felix Bauer;2026-11-03T08:00:00.000Z;2026-11-03T16:00:00.000Z;CONFIRMED;1;Demo: 20 September - 20 November 2026;RSVROOM
d7200000-0000-4000-8000-020261103062;d5000000-0000-4000-8000-000000000243;d6100000-0000-4000-8000-000000000004;Office parking - Felix Bauer;2026-11-03T08:00:00.000Z;2026-11-03T16:00:00.000Z;CONFIRMED;1;Demo: 20 September - 20 November 2026;RSVROOM
d7200000-0000-4000-8000-020261104061;d5000000-0000-4000-8000-000000000203;d6100000-0000-4000-8000-000000000004;Office day - Felix Bauer;2026-11-04T08:00:00.000Z;2026-11-04T16:00:00.000Z;CONFIRMED;1;Demo: 20 September - 20 November 2026;RSVROOM
d7200000-0000-4000-8000-020261104062;d5000000-0000-4000-8000-000000000243;d6100000-0000-4000-8000-000000000004;Office parking - Felix Bauer;2026-11-04T08:00:00.000Z;2026-11-04T16:00:00.000Z;CONFIRMED;1;Demo: 20 September - 20 November 2026;RSVROOM
d7200000-0000-4000-8000-020261104063;d5000000-0000-4000-8000-000000000223;d6100000-0000-4000-8000-000000000004;Team meeting - Felix Bauer;2026-11-04T09:00:00.000Z;2026-11-04T10:00:00.000Z;CONFIRMED;3;Demo: 20 September - 20 November 2026;RSVROOM
d7200000-0000-4000-8000-020261106061;d5000000-0000-4000-8000-000000000203;d6100000-0000-4000-8000-000000000004;Office day - Felix Bauer;2026-11-06T08:00:00.000Z;2026-11-06T16:00:00.000Z;CONFIRMED;1;Demo: 20 September - 20 November 2026;RSVROOM
d7200000-0000-4000-8000-020261106062;d5000000-0000-4000-8000-000000000243;d6100000-0000-4000-8000-000000000004;Office parking - Felix Bauer;2026-11-06T08:00:00.000Z;2026-11-06T16:00:00.000Z;CONFIRMED;1;Demo: 20 September - 20 November 2026;RSVROOM
d7200000-0000-4000-8000-020261110061;d5000000-0000-4000-8000-000000000203;d6100000-0000-4000-8000-000000000004;Office day - Felix Bauer;2026-11-10T08:00:00.000Z;2026-11-10T16:00:00.000Z;CONFIRMED;1;Demo: 20 September - 20 November 2026;RSVROOM
d7200000-0000-4000-8000-020261110062;d5000000-0000-4000-8000-000000000243;d6100000-0000-4000-8000-000000000004;Office parking - Felix Bauer;2026-11-10T08:00:00.000Z;2026-11-10T16:00:00.000Z;CONFIRMED;1;Demo: 20 September - 20 November 2026;RSVROOM
d7200000-0000-4000-8000-020261111061;d5000000-0000-4000-8000-000000000203;d6100000-0000-4000-8000-000000000004;Office day - Felix Bauer;2026-11-11T08:00:00.000Z;2026-11-11T16:00:00.000Z;CONFIRMED;1;Demo: 20 September - 20 November 2026;RSVROOM
d7200000-0000-4000-8000-020261111062;d5000000-0000-4000-8000-000000000243;d6100000-0000-4000-8000-000000000004;Office parking - Felix Bauer;2026-11-11T08:00:00.000Z;2026-11-11T16:00:00.000Z;CONFIRMED;1;Demo: 20 September - 20 November 2026;RSVROOM
d7200000-0000-4000-8000-020261111063;d5000000-0000-4000-8000-000000000223;d6100000-0000-4000-8000-000000000004;Team meeting - Felix Bauer;2026-11-11T09:00:00.000Z;2026-11-11T10:00:00.000Z;CONFIRMED;3;Demo: 20 September - 20 November 2026;RSVROOM
d7200000-0000-4000-8000-020261113061;d5000000-0000-4000-8000-000000000203;d6100000-0000-4000-8000-000000000004;Office day - Felix Bauer;2026-11-13T08:00:00.000Z;2026-11-13T16:00:00.000Z;CONFIRMED;1;Demo: 20 September - 20 November 2026;RSVROOM
d7200000-0000-4000-8000-020261113062;d5000000-0000-4000-8000-000000000243;d6100000-0000-4000-8000-000000000004;Office parking - Felix Bauer;2026-11-13T08:00:00.000Z;2026-11-13T16:00:00.000Z;CONFIRMED;1;Demo: 20 September - 20 November 2026;RSVROOM
d7200000-0000-4000-8000-020261117061;d5000000-0000-4000-8000-000000000203;d6100000-0000-4000-8000-000000000004;Office day - Felix Bauer;2026-11-17T08:00:00.000Z;2026-11-17T16:00:00.000Z;CONFIRMED;1;Demo: 20 September - 20 November 2026;RSVROOM
d7200000-0000-4000-8000-020261117062;d5000000-0000-4000-8000-000000000243;d6100000-0000-4000-8000-000000000004;Office parking - Felix Bauer;2026-11-17T08:00:00.000Z;2026-11-17T16:00:00.000Z;CONFIRMED;1;Demo: 20 September - 20 November 2026;RSVROOM
d7200000-0000-4000-8000-020261118061;d5000000-0000-4000-8000-000000000203;d6100000-0000-4000-8000-000000000004;Office day - Felix Bauer;2026-11-18T08:00:00.000Z;2026-11-18T16:00:00.000Z;CONFIRMED;1;Demo: 20 September - 20 November 2026;RSVROOM
d7200000-0000-4000-8000-020261118062;d5000000-0000-4000-8000-000000000243;d6100000-0000-4000-8000-000000000004;Office parking - Felix Bauer;2026-11-18T08:00:00.000Z;2026-11-18T16:00:00.000Z;CONFIRMED;1;Demo: 20 September - 20 November 2026;RSVROOM
d7200000-0000-4000-8000-020261118063;d5000000-0000-4000-8000-000000000223;d6100000-0000-4000-8000-000000000004;Team meeting - Felix Bauer;2026-11-18T09:00:00.000Z;2026-11-18T10:00:00.000Z;CONFIRMED;3;Demo: 20 September - 20 November 2026;RSVROOM
d7200000-0000-4000-8000-020261120061;d5000000-0000-4000-8000-000000000203;d6100000-0000-4000-8000-000000000004;Office day - Felix Bauer;2026-11-20T08:00:00.000Z;2026-11-20T16:00:00.000Z;CONFIRMED;1;Demo: 20 September - 20 November 2026;RSVROOM
d7200000-0000-4000-8000-020261120062;d5000000-0000-4000-8000-000000000243;d6100000-0000-4000-8000-000000000004;Office parking - Felix Bauer;2026-11-20T08:00:00.000Z;2026-11-20T16:00:00.000Z;CONFIRMED;1;Demo: 20 September - 20 November 2026;RSVROOM
d7200000-0000-4000-8000-020260921071;d5000000-0000-4000-8000-000000000301;60000000-0000-4000-8000-000000000003;Office day - Ola Example;2026-09-21T07:00:00.000Z;2026-09-21T15:00:00.000Z;CONFIRMED;1;Demo: 20 September - 20 November 2026;RSVROOM
d7200000-0000-4000-8000-020260921072;d5000000-0000-4000-8000-000000000341;60000000-0000-4000-8000-000000000003;Office parking - Ola Example;2026-09-21T07:00:00.000Z;2026-09-21T15:00:00.000Z;CONFIRMED;1;Demo: 20 September - 20 November 2026;RSVROOM
d7200000-0000-4000-8000-020260923071;d5000000-0000-4000-8000-000000000301;60000000-0000-4000-8000-000000000003;Office day - Ola Example;2026-09-23T07:00:00.000Z;2026-09-23T15:00:00.000Z;CONFIRMED;1;Demo: 20 September - 20 November 2026;RSVROOM
d7200000-0000-4000-8000-020260923072;d5000000-0000-4000-8000-000000000341;60000000-0000-4000-8000-000000000003;Office parking - Ola Example;2026-09-23T07:00:00.000Z;2026-09-23T15:00:00.000Z;CONFIRMED;1;Demo: 20 September - 20 November 2026;RSVROOM
d7200000-0000-4000-8000-020260924071;d5000000-0000-4000-8000-000000000301;60000000-0000-4000-8000-000000000003;Office day - Ola Example;2026-09-24T07:00:00.000Z;2026-09-24T15:00:00.000Z;CONFIRMED;1;Demo: 20 September - 20 November 2026;RSVROOM
d7200000-0000-4000-8000-020260924072;d5000000-0000-4000-8000-000000000341;60000000-0000-4000-8000-000000000003;Office parking - Ola Example;2026-09-24T07:00:00.000Z;2026-09-24T15:00:00.000Z;CONFIRMED;1;Demo: 20 September - 20 November 2026;RSVROOM
d7200000-0000-4000-8000-020260924073;d5000000-0000-4000-8000-000000000321;60000000-0000-4000-8000-000000000003;Team meeting - Ola Example;2026-09-24T08:00:00.000Z;2026-09-24T09:00:00.000Z;CONFIRMED;3;Demo: 20 September - 20 November 2026;RSVROOM
d7200000-0000-4000-8000-020260925071;d5000000-0000-4000-8000-000000000301;60000000-0000-4000-8000-000000000003;Office day - Ola Example;2026-09-25T07:00:00.000Z;2026-09-25T15:00:00.000Z;CONFIRMED;1;Demo: 20 September - 20 November 2026;RSVROOM
d7200000-0000-4000-8000-020260925072;d5000000-0000-4000-8000-000000000341;60000000-0000-4000-8000-000000000003;Office parking - Ola Example;2026-09-25T07:00:00.000Z;2026-09-25T15:00:00.000Z;CONFIRMED;1;Demo: 20 September - 20 November 2026;RSVROOM
d7200000-0000-4000-8000-020260928071;d5000000-0000-4000-8000-000000000301;60000000-0000-4000-8000-000000000003;Office day - Ola Example;2026-09-28T07:00:00.000Z;2026-09-28T15:00:00.000Z;CONFIRMED;1;Demo: 20 September - 20 November 2026;RSVROOM
d7200000-0000-4000-8000-020260928072;d5000000-0000-4000-8000-000000000341;60000000-0000-4000-8000-000000000003;Office parking - Ola Example;2026-09-28T07:00:00.000Z;2026-09-28T15:00:00.000Z;CONFIRMED;1;Demo: 20 September - 20 November 2026;RSVROOM
d7200000-0000-4000-8000-020260930071;d5000000-0000-4000-8000-000000000301;60000000-0000-4000-8000-000000000003;Office day - Ola Example;2026-09-30T07:00:00.000Z;2026-09-30T15:00:00.000Z;CONFIRMED;1;Demo: 20 September - 20 November 2026;RSVROOM
d7200000-0000-4000-8000-020260930072;d5000000-0000-4000-8000-000000000341;60000000-0000-4000-8000-000000000003;Office parking - Ola Example;2026-09-30T07:00:00.000Z;2026-09-30T15:00:00.000Z;CONFIRMED;1;Demo: 20 September - 20 November 2026;RSVROOM
d7200000-0000-4000-8000-020261001071;d5000000-0000-4000-8000-000000000301;60000000-0000-4000-8000-000000000003;Office day - Ola Example;2026-10-01T07:00:00.000Z;2026-10-01T15:00:00.000Z;CONFIRMED;1;Demo: 20 September - 20 November 2026;RSVROOM
d7200000-0000-4000-8000-020261001072;d5000000-0000-4000-8000-000000000341;60000000-0000-4000-8000-000000000003;Office parking - Ola Example;2026-10-01T07:00:00.000Z;2026-10-01T15:00:00.000Z;CONFIRMED;1;Demo: 20 September - 20 November 2026;RSVROOM
d7200000-0000-4000-8000-020261001073;d5000000-0000-4000-8000-000000000321;60000000-0000-4000-8000-000000000003;Team meeting - Ola Example;2026-10-01T08:00:00.000Z;2026-10-01T09:00:00.000Z;CONFIRMED;3;Demo: 20 September - 20 November 2026;RSVROOM
d7200000-0000-4000-8000-020261002071;d5000000-0000-4000-8000-000000000301;60000000-0000-4000-8000-000000000003;Office day - Ola Example;2026-10-02T07:00:00.000Z;2026-10-02T15:00:00.000Z;CONFIRMED;1;Demo: 20 September - 20 November 2026;RSVROOM
d7200000-0000-4000-8000-020261002072;d5000000-0000-4000-8000-000000000341;60000000-0000-4000-8000-000000000003;Office parking - Ola Example;2026-10-02T07:00:00.000Z;2026-10-02T15:00:00.000Z;CONFIRMED;1;Demo: 20 September - 20 November 2026;RSVROOM
d7200000-0000-4000-8000-020261005071;d5000000-0000-4000-8000-000000000301;60000000-0000-4000-8000-000000000003;Office day - Ola Example;2026-10-05T07:00:00.000Z;2026-10-05T15:00:00.000Z;CONFIRMED;1;Demo: 20 September - 20 November 2026;RSVROOM
d7200000-0000-4000-8000-020261005072;d5000000-0000-4000-8000-000000000341;60000000-0000-4000-8000-000000000003;Office parking - Ola Example;2026-10-05T07:00:00.000Z;2026-10-05T15:00:00.000Z;CONFIRMED;1;Demo: 20 September - 20 November 2026;RSVROOM
d7200000-0000-4000-8000-020261007071;d5000000-0000-4000-8000-000000000301;60000000-0000-4000-8000-000000000003;Office day - Ola Example;2026-10-07T07:00:00.000Z;2026-10-07T15:00:00.000Z;CONFIRMED;1;Demo: 20 September - 20 November 2026;RSVROOM
d7200000-0000-4000-8000-020261007072;d5000000-0000-4000-8000-000000000341;60000000-0000-4000-8000-000000000003;Office parking - Ola Example;2026-10-07T07:00:00.000Z;2026-10-07T15:00:00.000Z;CONFIRMED;1;Demo: 20 September - 20 November 2026;RSVROOM
d7200000-0000-4000-8000-020261008071;d5000000-0000-4000-8000-000000000301;60000000-0000-4000-8000-000000000003;Office day - Ola Example;2026-10-08T07:00:00.000Z;2026-10-08T15:00:00.000Z;CONFIRMED;1;Demo: 20 September - 20 November 2026;RSVROOM
d7200000-0000-4000-8000-020261008072;d5000000-0000-4000-8000-000000000341;60000000-0000-4000-8000-000000000003;Office parking - Ola Example;2026-10-08T07:00:00.000Z;2026-10-08T15:00:00.000Z;CONFIRMED;1;Demo: 20 September - 20 November 2026;RSVROOM
d7200000-0000-4000-8000-020261008073;d5000000-0000-4000-8000-000000000321;60000000-0000-4000-8000-000000000003;Team meeting - Ola Example;2026-10-08T08:00:00.000Z;2026-10-08T09:00:00.000Z;CONFIRMED;3;Demo: 20 September - 20 November 2026;RSVROOM
d7200000-0000-4000-8000-020261009071;d5000000-0000-4000-8000-000000000301;60000000-0000-4000-8000-000000000003;Office day - Ola Example;2026-10-09T07:00:00.000Z;2026-10-09T15:00:00.000Z;CONFIRMED;1;Demo: 20 September - 20 November 2026;RSVROOM
d7200000-0000-4000-8000-020261009072;d5000000-0000-4000-8000-000000000341;60000000-0000-4000-8000-000000000003;Office parking - Ola Example;2026-10-09T07:00:00.000Z;2026-10-09T15:00:00.000Z;CONFIRMED;1;Demo: 20 September - 20 November 2026;RSVROOM
d7200000-0000-4000-8000-020261012071;d5000000-0000-4000-8000-000000000301;60000000-0000-4000-8000-000000000003;Office day - Ola Example;2026-10-12T07:00:00.000Z;2026-10-12T15:00:00.000Z;CONFIRMED;1;Demo: 20 September - 20 November 2026;RSVROOM
d7200000-0000-4000-8000-020261012072;d5000000-0000-4000-8000-000000000341;60000000-0000-4000-8000-000000000003;Office parking - Ola Example;2026-10-12T07:00:00.000Z;2026-10-12T15:00:00.000Z;CONFIRMED;1;Demo: 20 September - 20 November 2026;RSVROOM
d7200000-0000-4000-8000-020261014071;d5000000-0000-4000-8000-000000000301;60000000-0000-4000-8000-000000000003;Office day - Ola Example;2026-10-14T07:00:00.000Z;2026-10-14T15:00:00.000Z;CONFIRMED;1;Demo: 20 September - 20 November 2026;RSVROOM
d7200000-0000-4000-8000-020261014072;d5000000-0000-4000-8000-000000000341;60000000-0000-4000-8000-000000000003;Office parking - Ola Example;2026-10-14T07:00:00.000Z;2026-10-14T15:00:00.000Z;CONFIRMED;1;Demo: 20 September - 20 November 2026;RSVROOM
d7200000-0000-4000-8000-020261015071;d5000000-0000-4000-8000-000000000301;60000000-0000-4000-8000-000000000003;Office day - Ola Example;2026-10-15T07:00:00.000Z;2026-10-15T15:00:00.000Z;CONFIRMED;1;Demo: 20 September - 20 November 2026;RSVROOM
d7200000-0000-4000-8000-020261015072;d5000000-0000-4000-8000-000000000341;60000000-0000-4000-8000-000000000003;Office parking - Ola Example;2026-10-15T07:00:00.000Z;2026-10-15T15:00:00.000Z;CONFIRMED;1;Demo: 20 September - 20 November 2026;RSVROOM
d7200000-0000-4000-8000-020261015073;d5000000-0000-4000-8000-000000000321;60000000-0000-4000-8000-000000000003;Team meeting - Ola Example;2026-10-15T08:00:00.000Z;2026-10-15T09:00:00.000Z;CONFIRMED;3;Demo: 20 September - 20 November 2026;RSVROOM
d7200000-0000-4000-8000-020261016071;d5000000-0000-4000-8000-000000000301;60000000-0000-4000-8000-000000000003;Office day - Ola Example;2026-10-16T07:00:00.000Z;2026-10-16T15:00:00.000Z;CONFIRMED;1;Demo: 20 September - 20 November 2026;RSVROOM
d7200000-0000-4000-8000-020261016072;d5000000-0000-4000-8000-000000000341;60000000-0000-4000-8000-000000000003;Office parking - Ola Example;2026-10-16T07:00:00.000Z;2026-10-16T15:00:00.000Z;CONFIRMED;1;Demo: 20 September - 20 November 2026;RSVROOM
d7200000-0000-4000-8000-020261019071;d5000000-0000-4000-8000-000000000301;60000000-0000-4000-8000-000000000003;Office day - Ola Example;2026-10-19T07:00:00.000Z;2026-10-19T15:00:00.000Z;CONFIRMED;1;Demo: 20 September - 20 November 2026;RSVROOM
d7200000-0000-4000-8000-020261019072;d5000000-0000-4000-8000-000000000341;60000000-0000-4000-8000-000000000003;Office parking - Ola Example;2026-10-19T07:00:00.000Z;2026-10-19T15:00:00.000Z;CONFIRMED;1;Demo: 20 September - 20 November 2026;RSVROOM
d7200000-0000-4000-8000-020261021071;d5000000-0000-4000-8000-000000000301;60000000-0000-4000-8000-000000000003;Office day - Ola Example;2026-10-21T07:00:00.000Z;2026-10-21T15:00:00.000Z;CONFIRMED;1;Demo: 20 September - 20 November 2026;RSVROOM
d7200000-0000-4000-8000-020261021072;d5000000-0000-4000-8000-000000000341;60000000-0000-4000-8000-000000000003;Office parking - Ola Example;2026-10-21T07:00:00.000Z;2026-10-21T15:00:00.000Z;CONFIRMED;1;Demo: 20 September - 20 November 2026;RSVROOM
d7200000-0000-4000-8000-020261022071;d5000000-0000-4000-8000-000000000301;60000000-0000-4000-8000-000000000003;Office day - Ola Example;2026-10-22T07:00:00.000Z;2026-10-22T15:00:00.000Z;CONFIRMED;1;Demo: 20 September - 20 November 2026;RSVROOM
d7200000-0000-4000-8000-020261022072;d5000000-0000-4000-8000-000000000341;60000000-0000-4000-8000-000000000003;Office parking - Ola Example;2026-10-22T07:00:00.000Z;2026-10-22T15:00:00.000Z;CONFIRMED;1;Demo: 20 September - 20 November 2026;RSVROOM
d7200000-0000-4000-8000-020261022073;d5000000-0000-4000-8000-000000000321;60000000-0000-4000-8000-000000000003;Team meeting - Ola Example;2026-10-22T08:00:00.000Z;2026-10-22T09:00:00.000Z;CONFIRMED;3;Demo: 20 September - 20 November 2026;RSVROOM
d7200000-0000-4000-8000-020261023071;d5000000-0000-4000-8000-000000000301;60000000-0000-4000-8000-000000000003;Office day - Ola Example;2026-10-23T07:00:00.000Z;2026-10-23T15:00:00.000Z;CONFIRMED;1;Demo: 20 September - 20 November 2026;RSVROOM
d7200000-0000-4000-8000-020261023072;d5000000-0000-4000-8000-000000000341;60000000-0000-4000-8000-000000000003;Office parking - Ola Example;2026-10-23T07:00:00.000Z;2026-10-23T15:00:00.000Z;CONFIRMED;1;Demo: 20 September - 20 November 2026;RSVROOM
d7200000-0000-4000-8000-020261026071;d5000000-0000-4000-8000-000000000301;60000000-0000-4000-8000-000000000003;Office day - Ola Example;2026-10-26T08:00:00.000Z;2026-10-26T16:00:00.000Z;CONFIRMED;1;Demo: 20 September - 20 November 2026;RSVROOM
d7200000-0000-4000-8000-020261026072;d5000000-0000-4000-8000-000000000341;60000000-0000-4000-8000-000000000003;Office parking - Ola Example;2026-10-26T08:00:00.000Z;2026-10-26T16:00:00.000Z;CONFIRMED;1;Demo: 20 September - 20 November 2026;RSVROOM
d7200000-0000-4000-8000-020261028071;d5000000-0000-4000-8000-000000000301;60000000-0000-4000-8000-000000000003;Office day - Ola Example;2026-10-28T08:00:00.000Z;2026-10-28T16:00:00.000Z;CONFIRMED;1;Demo: 20 September - 20 November 2026;RSVROOM
d7200000-0000-4000-8000-020261028072;d5000000-0000-4000-8000-000000000341;60000000-0000-4000-8000-000000000003;Office parking - Ola Example;2026-10-28T08:00:00.000Z;2026-10-28T16:00:00.000Z;CONFIRMED;1;Demo: 20 September - 20 November 2026;RSVROOM
d7200000-0000-4000-8000-020261029071;d5000000-0000-4000-8000-000000000301;60000000-0000-4000-8000-000000000003;Office day - Ola Example;2026-10-29T08:00:00.000Z;2026-10-29T16:00:00.000Z;CONFIRMED;1;Demo: 20 September - 20 November 2026;RSVROOM
d7200000-0000-4000-8000-020261029072;d5000000-0000-4000-8000-000000000341;60000000-0000-4000-8000-000000000003;Office parking - Ola Example;2026-10-29T08:00:00.000Z;2026-10-29T16:00:00.000Z;CONFIRMED;1;Demo: 20 September - 20 November 2026;RSVROOM
d7200000-0000-4000-8000-020261029073;d5000000-0000-4000-8000-000000000321;60000000-0000-4000-8000-000000000003;Team meeting - Ola Example;2026-10-29T09:00:00.000Z;2026-10-29T10:00:00.000Z;CONFIRMED;3;Demo: 20 September - 20 November 2026;RSVROOM
d7200000-0000-4000-8000-020261030071;d5000000-0000-4000-8000-000000000301;60000000-0000-4000-8000-000000000003;Office day - Ola Example;2026-10-30T08:00:00.000Z;2026-10-30T16:00:00.000Z;CONFIRMED;1;Demo: 20 September - 20 November 2026;RSVROOM
d7200000-0000-4000-8000-020261030072;d5000000-0000-4000-8000-000000000341;60000000-0000-4000-8000-000000000003;Office parking - Ola Example;2026-10-30T08:00:00.000Z;2026-10-30T16:00:00.000Z;CONFIRMED;1;Demo: 20 September - 20 November 2026;RSVROOM
d7200000-0000-4000-8000-020261102071;d5000000-0000-4000-8000-000000000301;60000000-0000-4000-8000-000000000003;Office day - Ola Example;2026-11-02T08:00:00.000Z;2026-11-02T16:00:00.000Z;CONFIRMED;1;Demo: 20 September - 20 November 2026;RSVROOM
d7200000-0000-4000-8000-020261102072;d5000000-0000-4000-8000-000000000341;60000000-0000-4000-8000-000000000003;Office parking - Ola Example;2026-11-02T08:00:00.000Z;2026-11-02T16:00:00.000Z;CONFIRMED;1;Demo: 20 September - 20 November 2026;RSVROOM
d7200000-0000-4000-8000-020261104071;d5000000-0000-4000-8000-000000000301;60000000-0000-4000-8000-000000000003;Office day - Ola Example;2026-11-04T08:00:00.000Z;2026-11-04T16:00:00.000Z;CONFIRMED;1;Demo: 20 September - 20 November 2026;RSVROOM
d7200000-0000-4000-8000-020261104072;d5000000-0000-4000-8000-000000000341;60000000-0000-4000-8000-000000000003;Office parking - Ola Example;2026-11-04T08:00:00.000Z;2026-11-04T16:00:00.000Z;CONFIRMED;1;Demo: 20 September - 20 November 2026;RSVROOM
d7200000-0000-4000-8000-020261105071;d5000000-0000-4000-8000-000000000301;60000000-0000-4000-8000-000000000003;Office day - Ola Example;2026-11-05T08:00:00.000Z;2026-11-05T16:00:00.000Z;CONFIRMED;1;Demo: 20 September - 20 November 2026;RSVROOM
d7200000-0000-4000-8000-020261105072;d5000000-0000-4000-8000-000000000341;60000000-0000-4000-8000-000000000003;Office parking - Ola Example;2026-11-05T08:00:00.000Z;2026-11-05T16:00:00.000Z;CONFIRMED;1;Demo: 20 September - 20 November 2026;RSVROOM
d7200000-0000-4000-8000-020261105073;d5000000-0000-4000-8000-000000000321;60000000-0000-4000-8000-000000000003;Team meeting - Ola Example;2026-11-05T09:00:00.000Z;2026-11-05T10:00:00.000Z;CONFIRMED;3;Demo: 20 September - 20 November 2026;RSVROOM
d7200000-0000-4000-8000-020261106071;d5000000-0000-4000-8000-000000000301;60000000-0000-4000-8000-000000000003;Office day - Ola Example;2026-11-06T08:00:00.000Z;2026-11-06T16:00:00.000Z;CONFIRMED;1;Demo: 20 September - 20 November 2026;RSVROOM
d7200000-0000-4000-8000-020261106072;d5000000-0000-4000-8000-000000000341;60000000-0000-4000-8000-000000000003;Office parking - Ola Example;2026-11-06T08:00:00.000Z;2026-11-06T16:00:00.000Z;CONFIRMED;1;Demo: 20 September - 20 November 2026;RSVROOM
d7200000-0000-4000-8000-020261109071;d5000000-0000-4000-8000-000000000301;60000000-0000-4000-8000-000000000003;Office day - Ola Example;2026-11-09T08:00:00.000Z;2026-11-09T16:00:00.000Z;CONFIRMED;1;Demo: 20 September - 20 November 2026;RSVROOM
d7200000-0000-4000-8000-020261109072;d5000000-0000-4000-8000-000000000341;60000000-0000-4000-8000-000000000003;Office parking - Ola Example;2026-11-09T08:00:00.000Z;2026-11-09T16:00:00.000Z;CONFIRMED;1;Demo: 20 September - 20 November 2026;RSVROOM
d7200000-0000-4000-8000-020261111071;d5000000-0000-4000-8000-000000000301;60000000-0000-4000-8000-000000000003;Office day - Ola Example;2026-11-11T08:00:00.000Z;2026-11-11T16:00:00.000Z;CONFIRMED;1;Demo: 20 September - 20 November 2026;RSVROOM
d7200000-0000-4000-8000-020261111072;d5000000-0000-4000-8000-000000000341;60000000-0000-4000-8000-000000000003;Office parking - Ola Example;2026-11-11T08:00:00.000Z;2026-11-11T16:00:00.000Z;CONFIRMED;1;Demo: 20 September - 20 November 2026;RSVROOM
d7200000-0000-4000-8000-020261112071;d5000000-0000-4000-8000-000000000301;60000000-0000-4000-8000-000000000003;Office day - Ola Example;2026-11-12T08:00:00.000Z;2026-11-12T16:00:00.000Z;CONFIRMED;1;Demo: 20 September - 20 November 2026;RSVROOM
d7200000-0000-4000-8000-020261112072;d5000000-0000-4000-8000-000000000341;60000000-0000-4000-8000-000000000003;Office parking - Ola Example;2026-11-12T08:00:00.000Z;2026-11-12T16:00:00.000Z;CONFIRMED;1;Demo: 20 September - 20 November 2026;RSVROOM
d7200000-0000-4000-8000-020261112073;d5000000-0000-4000-8000-000000000321;60000000-0000-4000-8000-000000000003;Team meeting - Ola Example;2026-11-12T09:00:00.000Z;2026-11-12T10:00:00.000Z;CONFIRMED;3;Demo: 20 September - 20 November 2026;RSVROOM
d7200000-0000-4000-8000-020261113071;d5000000-0000-4000-8000-000000000301;60000000-0000-4000-8000-000000000003;Office day - Ola Example;2026-11-13T08:00:00.000Z;2026-11-13T16:00:00.000Z;CONFIRMED;1;Demo: 20 September - 20 November 2026;RSVROOM
d7200000-0000-4000-8000-020261113072;d5000000-0000-4000-8000-000000000341;60000000-0000-4000-8000-000000000003;Office parking - Ola Example;2026-11-13T08:00:00.000Z;2026-11-13T16:00:00.000Z;CONFIRMED;1;Demo: 20 September - 20 November 2026;RSVROOM
d7200000-0000-4000-8000-020261116071;d5000000-0000-4000-8000-000000000301;60000000-0000-4000-8000-000000000003;Office day - Ola Example;2026-11-16T08:00:00.000Z;2026-11-16T16:00:00.000Z;CONFIRMED;1;Demo: 20 September - 20 November 2026;RSVROOM
d7200000-0000-4000-8000-020261116072;d5000000-0000-4000-8000-000000000341;60000000-0000-4000-8000-000000000003;Office parking - Ola Example;2026-11-16T08:00:00.000Z;2026-11-16T16:00:00.000Z;CONFIRMED;1;Demo: 20 September - 20 November 2026;RSVROOM
d7200000-0000-4000-8000-020261118071;d5000000-0000-4000-8000-000000000301;60000000-0000-4000-8000-000000000003;Office day - Ola Example;2026-11-18T08:00:00.000Z;2026-11-18T16:00:00.000Z;CONFIRMED;1;Demo: 20 September - 20 November 2026;RSVROOM
d7200000-0000-4000-8000-020261118072;d5000000-0000-4000-8000-000000000341;60000000-0000-4000-8000-000000000003;Office parking - Ola Example;2026-11-18T08:00:00.000Z;2026-11-18T16:00:00.000Z;CONFIRMED;1;Demo: 20 September - 20 November 2026;RSVROOM
d7200000-0000-4000-8000-020261119071;d5000000-0000-4000-8000-000000000301;60000000-0000-4000-8000-000000000003;Office day - Ola Example;2026-11-19T08:00:00.000Z;2026-11-19T16:00:00.000Z;CONFIRMED;1;Demo: 20 September - 20 November 2026;RSVROOM
d7200000-0000-4000-8000-020261119072;d5000000-0000-4000-8000-000000000341;60000000-0000-4000-8000-000000000003;Office parking - Ola Example;2026-11-19T08:00:00.000Z;2026-11-19T16:00:00.000Z;CONFIRMED;1;Demo: 20 September - 20 November 2026;RSVROOM
d7200000-0000-4000-8000-020261119073;d5000000-0000-4000-8000-000000000321;60000000-0000-4000-8000-000000000003;Team meeting - Ola Example;2026-11-19T09:00:00.000Z;2026-11-19T10:00:00.000Z;CONFIRMED;3;Demo: 20 September - 20 November 2026;RSVROOM
d7200000-0000-4000-8000-020261120071;d5000000-0000-4000-8000-000000000301;60000000-0000-4000-8000-000000000003;Office day - Ola Example;2026-11-20T08:00:00.000Z;2026-11-20T16:00:00.000Z;CONFIRMED;1;Demo: 20 September - 20 November 2026;RSVROOM
d7200000-0000-4000-8000-020261120072;d5000000-0000-4000-8000-000000000341;60000000-0000-4000-8000-000000000003;Office parking - Ola Example;2026-11-20T08:00:00.000Z;2026-11-20T16:00:00.000Z;CONFIRMED;1;Demo: 20 September - 20 November 2026;RSVROOM
d7200000-0000-4000-8000-020260921081;d5000000-0000-4000-8000-000000000302;d6100000-0000-4000-8000-000000000005;Office day - Marta Kowalska;2026-09-21T07:00:00.000Z;2026-09-21T15:00:00.000Z;CONFIRMED;1;Demo: 20 September - 20 November 2026;RSVROOM
d7200000-0000-4000-8000-020260922081;d5000000-0000-4000-8000-000000000302;d6100000-0000-4000-8000-000000000005;Office day - Marta Kowalska;2026-09-22T07:00:00.000Z;2026-09-22T15:00:00.000Z;CONFIRMED;1;Demo: 20 September - 20 November 2026;RSVROOM
d7200000-0000-4000-8000-020260924081;d5000000-0000-4000-8000-000000000302;d6100000-0000-4000-8000-000000000005;Office day - Marta Kowalska;2026-09-24T07:00:00.000Z;2026-09-24T15:00:00.000Z;CONFIRMED;1;Demo: 20 September - 20 November 2026;RSVROOM
d7200000-0000-4000-8000-020260924083;d5000000-0000-4000-8000-000000000322;d6100000-0000-4000-8000-000000000005;Team meeting - Marta Kowalska;2026-09-24T08:00:00.000Z;2026-09-24T09:00:00.000Z;CONFIRMED;3;Demo: 20 September - 20 November 2026;RSVROOM
d7200000-0000-4000-8000-020260928081;d5000000-0000-4000-8000-000000000302;d6100000-0000-4000-8000-000000000005;Office day - Marta Kowalska;2026-09-28T07:00:00.000Z;2026-09-28T15:00:00.000Z;CONFIRMED;1;Demo: 20 September - 20 November 2026;RSVROOM
d7200000-0000-4000-8000-020260929081;d5000000-0000-4000-8000-000000000302;d6100000-0000-4000-8000-000000000005;Office day - Marta Kowalska;2026-09-29T07:00:00.000Z;2026-09-29T15:00:00.000Z;CONFIRMED;1;Demo: 20 September - 20 November 2026;RSVROOM
d7200000-0000-4000-8000-020261001081;d5000000-0000-4000-8000-000000000302;d6100000-0000-4000-8000-000000000005;Office day - Marta Kowalska;2026-10-01T07:00:00.000Z;2026-10-01T15:00:00.000Z;CONFIRMED;1;Demo: 20 September - 20 November 2026;RSVROOM
d7200000-0000-4000-8000-020261001083;d5000000-0000-4000-8000-000000000322;d6100000-0000-4000-8000-000000000005;Team meeting - Marta Kowalska;2026-10-01T08:00:00.000Z;2026-10-01T09:00:00.000Z;CONFIRMED;3;Demo: 20 September - 20 November 2026;RSVROOM
d7200000-0000-4000-8000-020261005081;d5000000-0000-4000-8000-000000000302;d6100000-0000-4000-8000-000000000005;Office day - Marta Kowalska;2026-10-05T07:00:00.000Z;2026-10-05T15:00:00.000Z;CONFIRMED;1;Demo: 20 September - 20 November 2026;RSVROOM
d7200000-0000-4000-8000-020261006081;d5000000-0000-4000-8000-000000000302;d6100000-0000-4000-8000-000000000005;Office day - Marta Kowalska;2026-10-06T07:00:00.000Z;2026-10-06T15:00:00.000Z;CONFIRMED;1;Demo: 20 September - 20 November 2026;RSVROOM
d7200000-0000-4000-8000-020261008081;d5000000-0000-4000-8000-000000000302;d6100000-0000-4000-8000-000000000005;Office day - Marta Kowalska;2026-10-08T07:00:00.000Z;2026-10-08T15:00:00.000Z;CONFIRMED;1;Demo: 20 September - 20 November 2026;RSVROOM
d7200000-0000-4000-8000-020261008083;d5000000-0000-4000-8000-000000000322;d6100000-0000-4000-8000-000000000005;Team meeting - Marta Kowalska;2026-10-08T08:00:00.000Z;2026-10-08T09:00:00.000Z;CONFIRMED;3;Demo: 20 September - 20 November 2026;RSVROOM
d7200000-0000-4000-8000-020261012081;d5000000-0000-4000-8000-000000000302;d6100000-0000-4000-8000-000000000005;Office day - Marta Kowalska;2026-10-12T07:00:00.000Z;2026-10-12T15:00:00.000Z;CONFIRMED;1;Demo: 20 September - 20 November 2026;RSVROOM
d7200000-0000-4000-8000-020261013081;d5000000-0000-4000-8000-000000000302;d6100000-0000-4000-8000-000000000005;Office day - Marta Kowalska;2026-10-13T07:00:00.000Z;2026-10-13T15:00:00.000Z;CONFIRMED;1;Demo: 20 September - 20 November 2026;RSVROOM
d7200000-0000-4000-8000-020261015081;d5000000-0000-4000-8000-000000000302;d6100000-0000-4000-8000-000000000005;Office day - Marta Kowalska;2026-10-15T07:00:00.000Z;2026-10-15T15:00:00.000Z;CONFIRMED;1;Demo: 20 September - 20 November 2026;RSVROOM
d7200000-0000-4000-8000-020261015083;d5000000-0000-4000-8000-000000000322;d6100000-0000-4000-8000-000000000005;Team meeting - Marta Kowalska;2026-10-15T08:00:00.000Z;2026-10-15T09:00:00.000Z;CONFIRMED;3;Demo: 20 September - 20 November 2026;RSVROOM
d7200000-0000-4000-8000-020261019081;d5000000-0000-4000-8000-000000000302;d6100000-0000-4000-8000-000000000005;Office day - Marta Kowalska;2026-10-19T07:00:00.000Z;2026-10-19T15:00:00.000Z;CONFIRMED;1;Demo: 20 September - 20 November 2026;RSVROOM
d7200000-0000-4000-8000-020261020081;d5000000-0000-4000-8000-000000000302;d6100000-0000-4000-8000-000000000005;Office day - Marta Kowalska;2026-10-20T07:00:00.000Z;2026-10-20T15:00:00.000Z;CONFIRMED;1;Demo: 20 September - 20 November 2026;RSVROOM
d7200000-0000-4000-8000-020261022081;d5000000-0000-4000-8000-000000000302;d6100000-0000-4000-8000-000000000005;Office day - Marta Kowalska;2026-10-22T07:00:00.000Z;2026-10-22T15:00:00.000Z;CONFIRMED;1;Demo: 20 September - 20 November 2026;RSVROOM
d7200000-0000-4000-8000-020261022083;d5000000-0000-4000-8000-000000000322;d6100000-0000-4000-8000-000000000005;Team meeting - Marta Kowalska;2026-10-22T08:00:00.000Z;2026-10-22T09:00:00.000Z;CONFIRMED;3;Demo: 20 September - 20 November 2026;RSVROOM
d7200000-0000-4000-8000-020261026081;d5000000-0000-4000-8000-000000000302;d6100000-0000-4000-8000-000000000005;Office day - Marta Kowalska;2026-10-26T08:00:00.000Z;2026-10-26T16:00:00.000Z;CONFIRMED;1;Demo: 20 September - 20 November 2026;RSVROOM
d7200000-0000-4000-8000-020261027081;d5000000-0000-4000-8000-000000000302;d6100000-0000-4000-8000-000000000005;Office day - Marta Kowalska;2026-10-27T08:00:00.000Z;2026-10-27T16:00:00.000Z;CONFIRMED;1;Demo: 20 September - 20 November 2026;RSVROOM
d7200000-0000-4000-8000-020261029081;d5000000-0000-4000-8000-000000000302;d6100000-0000-4000-8000-000000000005;Office day - Marta Kowalska;2026-10-29T08:00:00.000Z;2026-10-29T16:00:00.000Z;CONFIRMED;1;Demo: 20 September - 20 November 2026;RSVROOM
d7200000-0000-4000-8000-020261029083;d5000000-0000-4000-8000-000000000322;d6100000-0000-4000-8000-000000000005;Team meeting - Marta Kowalska;2026-10-29T09:00:00.000Z;2026-10-29T10:00:00.000Z;CONFIRMED;3;Demo: 20 September - 20 November 2026;RSVROOM
d7200000-0000-4000-8000-020261102081;d5000000-0000-4000-8000-000000000302;d6100000-0000-4000-8000-000000000005;Office day - Marta Kowalska;2026-11-02T08:00:00.000Z;2026-11-02T16:00:00.000Z;CONFIRMED;1;Demo: 20 September - 20 November 2026;RSVROOM
d7200000-0000-4000-8000-020261103081;d5000000-0000-4000-8000-000000000302;d6100000-0000-4000-8000-000000000005;Office day - Marta Kowalska;2026-11-03T08:00:00.000Z;2026-11-03T16:00:00.000Z;CONFIRMED;1;Demo: 20 September - 20 November 2026;RSVROOM
d7200000-0000-4000-8000-020261105081;d5000000-0000-4000-8000-000000000302;d6100000-0000-4000-8000-000000000005;Office day - Marta Kowalska;2026-11-05T08:00:00.000Z;2026-11-05T16:00:00.000Z;CONFIRMED;1;Demo: 20 September - 20 November 2026;RSVROOM
d7200000-0000-4000-8000-020261105083;d5000000-0000-4000-8000-000000000322;d6100000-0000-4000-8000-000000000005;Team meeting - Marta Kowalska;2026-11-05T09:00:00.000Z;2026-11-05T10:00:00.000Z;CONFIRMED;3;Demo: 20 September - 20 November 2026;RSVROOM
d7200000-0000-4000-8000-020261109081;d5000000-0000-4000-8000-000000000302;d6100000-0000-4000-8000-000000000005;Office day - Marta Kowalska;2026-11-09T08:00:00.000Z;2026-11-09T16:00:00.000Z;CONFIRMED;1;Demo: 20 September - 20 November 2026;RSVROOM
d7200000-0000-4000-8000-020261110081;d5000000-0000-4000-8000-000000000302;d6100000-0000-4000-8000-000000000005;Office day - Marta Kowalska;2026-11-10T08:00:00.000Z;2026-11-10T16:00:00.000Z;CONFIRMED;1;Demo: 20 September - 20 November 2026;RSVROOM
d7200000-0000-4000-8000-020261112081;d5000000-0000-4000-8000-000000000302;d6100000-0000-4000-8000-000000000005;Office day - Marta Kowalska;2026-11-12T08:00:00.000Z;2026-11-12T16:00:00.000Z;CONFIRMED;1;Demo: 20 September - 20 November 2026;RSVROOM
d7200000-0000-4000-8000-020261112083;d5000000-0000-4000-8000-000000000322;d6100000-0000-4000-8000-000000000005;Team meeting - Marta Kowalska;2026-11-12T09:00:00.000Z;2026-11-12T10:00:00.000Z;CONFIRMED;3;Demo: 20 September - 20 November 2026;RSVROOM
d7200000-0000-4000-8000-020261116081;d5000000-0000-4000-8000-000000000302;d6100000-0000-4000-8000-000000000005;Office day - Marta Kowalska;2026-11-16T08:00:00.000Z;2026-11-16T16:00:00.000Z;CONFIRMED;1;Demo: 20 September - 20 November 2026;RSVROOM
d7200000-0000-4000-8000-020261117081;d5000000-0000-4000-8000-000000000302;d6100000-0000-4000-8000-000000000005;Office day - Marta Kowalska;2026-11-17T08:00:00.000Z;2026-11-17T16:00:00.000Z;CONFIRMED;1;Demo: 20 September - 20 November 2026;RSVROOM
d7200000-0000-4000-8000-020261119081;d5000000-0000-4000-8000-000000000302;d6100000-0000-4000-8000-000000000005;Office day - Marta Kowalska;2026-11-19T08:00:00.000Z;2026-11-19T16:00:00.000Z;CONFIRMED;1;Demo: 20 September - 20 November 2026;RSVROOM
d7200000-0000-4000-8000-020261119083;d5000000-0000-4000-8000-000000000322;d6100000-0000-4000-8000-000000000005;Team meeting - Marta Kowalska;2026-11-19T09:00:00.000Z;2026-11-19T10:00:00.000Z;CONFIRMED;3;Demo: 20 September - 20 November 2026;RSVROOM
d7200000-0000-4000-8000-020260922091;d5000000-0000-4000-8000-000000000303;d6100000-0000-4000-8000-000000000006;Office day - Piotr Nowak;2026-09-22T07:00:00.000Z;2026-09-22T15:00:00.000Z;CONFIRMED;1;Demo: 20 September - 20 November 2026;RSVROOM
d7200000-0000-4000-8000-020260922092;d5000000-0000-4000-8000-000000000343;d6100000-0000-4000-8000-000000000006;Office parking - Piotr Nowak;2026-09-22T07:00:00.000Z;2026-09-22T15:00:00.000Z;CONFIRMED;1;Demo: 20 September - 20 November 2026;RSVROOM
d7200000-0000-4000-8000-020260923091;d5000000-0000-4000-8000-000000000303;d6100000-0000-4000-8000-000000000006;Office day - Piotr Nowak;2026-09-23T07:00:00.000Z;2026-09-23T15:00:00.000Z;CONFIRMED;1;Demo: 20 September - 20 November 2026;RSVROOM
d7200000-0000-4000-8000-020260923092;d5000000-0000-4000-8000-000000000343;d6100000-0000-4000-8000-000000000006;Office parking - Piotr Nowak;2026-09-23T07:00:00.000Z;2026-09-23T15:00:00.000Z;CONFIRMED;1;Demo: 20 September - 20 November 2026;RSVROOM
d7200000-0000-4000-8000-020260923093;d5000000-0000-4000-8000-000000000323;d6100000-0000-4000-8000-000000000006;Team meeting - Piotr Nowak;2026-09-23T08:00:00.000Z;2026-09-23T09:00:00.000Z;CONFIRMED;3;Demo: 20 September - 20 November 2026;RSVROOM
d7200000-0000-4000-8000-020260925091;d5000000-0000-4000-8000-000000000303;d6100000-0000-4000-8000-000000000006;Office day - Piotr Nowak;2026-09-25T07:00:00.000Z;2026-09-25T15:00:00.000Z;CONFIRMED;1;Demo: 20 September - 20 November 2026;RSVROOM
d7200000-0000-4000-8000-020260925092;d5000000-0000-4000-8000-000000000343;d6100000-0000-4000-8000-000000000006;Office parking - Piotr Nowak;2026-09-25T07:00:00.000Z;2026-09-25T15:00:00.000Z;CONFIRMED;1;Demo: 20 September - 20 November 2026;RSVROOM
d7200000-0000-4000-8000-020260929091;d5000000-0000-4000-8000-000000000303;d6100000-0000-4000-8000-000000000006;Office day - Piotr Nowak;2026-09-29T07:00:00.000Z;2026-09-29T15:00:00.000Z;CONFIRMED;1;Demo: 20 September - 20 November 2026;RSVROOM
d7200000-0000-4000-8000-020260929092;d5000000-0000-4000-8000-000000000343;d6100000-0000-4000-8000-000000000006;Office parking - Piotr Nowak;2026-09-29T07:00:00.000Z;2026-09-29T15:00:00.000Z;CONFIRMED;1;Demo: 20 September - 20 November 2026;RSVROOM
d7200000-0000-4000-8000-020260930091;d5000000-0000-4000-8000-000000000303;d6100000-0000-4000-8000-000000000006;Office day - Piotr Nowak;2026-09-30T07:00:00.000Z;2026-09-30T15:00:00.000Z;CONFIRMED;1;Demo: 20 September - 20 November 2026;RSVROOM
d7200000-0000-4000-8000-020260930092;d5000000-0000-4000-8000-000000000343;d6100000-0000-4000-8000-000000000006;Office parking - Piotr Nowak;2026-09-30T07:00:00.000Z;2026-09-30T15:00:00.000Z;CONFIRMED;1;Demo: 20 September - 20 November 2026;RSVROOM
d7200000-0000-4000-8000-020260930093;d5000000-0000-4000-8000-000000000323;d6100000-0000-4000-8000-000000000006;Team meeting - Piotr Nowak;2026-09-30T08:00:00.000Z;2026-09-30T09:00:00.000Z;CONFIRMED;3;Demo: 20 September - 20 November 2026;RSVROOM
d7200000-0000-4000-8000-020261002091;d5000000-0000-4000-8000-000000000303;d6100000-0000-4000-8000-000000000006;Office day - Piotr Nowak;2026-10-02T07:00:00.000Z;2026-10-02T15:00:00.000Z;CONFIRMED;1;Demo: 20 September - 20 November 2026;RSVROOM
d7200000-0000-4000-8000-020261002092;d5000000-0000-4000-8000-000000000343;d6100000-0000-4000-8000-000000000006;Office parking - Piotr Nowak;2026-10-02T07:00:00.000Z;2026-10-02T15:00:00.000Z;CONFIRMED;1;Demo: 20 September - 20 November 2026;RSVROOM
d7200000-0000-4000-8000-020261006091;d5000000-0000-4000-8000-000000000303;d6100000-0000-4000-8000-000000000006;Office day - Piotr Nowak;2026-10-06T07:00:00.000Z;2026-10-06T15:00:00.000Z;CONFIRMED;1;Demo: 20 September - 20 November 2026;RSVROOM
d7200000-0000-4000-8000-020261006092;d5000000-0000-4000-8000-000000000343;d6100000-0000-4000-8000-000000000006;Office parking - Piotr Nowak;2026-10-06T07:00:00.000Z;2026-10-06T15:00:00.000Z;CONFIRMED;1;Demo: 20 September - 20 November 2026;RSVROOM
d7200000-0000-4000-8000-020261007091;d5000000-0000-4000-8000-000000000303;d6100000-0000-4000-8000-000000000006;Office day - Piotr Nowak;2026-10-07T07:00:00.000Z;2026-10-07T15:00:00.000Z;CONFIRMED;1;Demo: 20 September - 20 November 2026;RSVROOM
d7200000-0000-4000-8000-020261007092;d5000000-0000-4000-8000-000000000343;d6100000-0000-4000-8000-000000000006;Office parking - Piotr Nowak;2026-10-07T07:00:00.000Z;2026-10-07T15:00:00.000Z;CONFIRMED;1;Demo: 20 September - 20 November 2026;RSVROOM
d7200000-0000-4000-8000-020261007093;d5000000-0000-4000-8000-000000000323;d6100000-0000-4000-8000-000000000006;Team meeting - Piotr Nowak;2026-10-07T08:00:00.000Z;2026-10-07T09:00:00.000Z;CONFIRMED;3;Demo: 20 September - 20 November 2026;RSVROOM
d7200000-0000-4000-8000-020261009091;d5000000-0000-4000-8000-000000000303;d6100000-0000-4000-8000-000000000006;Office day - Piotr Nowak;2026-10-09T07:00:00.000Z;2026-10-09T15:00:00.000Z;CONFIRMED;1;Demo: 20 September - 20 November 2026;RSVROOM
d7200000-0000-4000-8000-020261009092;d5000000-0000-4000-8000-000000000343;d6100000-0000-4000-8000-000000000006;Office parking - Piotr Nowak;2026-10-09T07:00:00.000Z;2026-10-09T15:00:00.000Z;CONFIRMED;1;Demo: 20 September - 20 November 2026;RSVROOM
d7200000-0000-4000-8000-020261013091;d5000000-0000-4000-8000-000000000303;d6100000-0000-4000-8000-000000000006;Office day - Piotr Nowak;2026-10-13T07:00:00.000Z;2026-10-13T15:00:00.000Z;CONFIRMED;1;Demo: 20 September - 20 November 2026;RSVROOM
d7200000-0000-4000-8000-020261013092;d5000000-0000-4000-8000-000000000343;d6100000-0000-4000-8000-000000000006;Office parking - Piotr Nowak;2026-10-13T07:00:00.000Z;2026-10-13T15:00:00.000Z;CONFIRMED;1;Demo: 20 September - 20 November 2026;RSVROOM
d7200000-0000-4000-8000-020261014091;d5000000-0000-4000-8000-000000000303;d6100000-0000-4000-8000-000000000006;Office day - Piotr Nowak;2026-10-14T07:00:00.000Z;2026-10-14T15:00:00.000Z;CONFIRMED;1;Demo: 20 September - 20 November 2026;RSVROOM
d7200000-0000-4000-8000-020261014092;d5000000-0000-4000-8000-000000000343;d6100000-0000-4000-8000-000000000006;Office parking - Piotr Nowak;2026-10-14T07:00:00.000Z;2026-10-14T15:00:00.000Z;CONFIRMED;1;Demo: 20 September - 20 November 2026;RSVROOM
d7200000-0000-4000-8000-020261014093;d5000000-0000-4000-8000-000000000323;d6100000-0000-4000-8000-000000000006;Team meeting - Piotr Nowak;2026-10-14T08:00:00.000Z;2026-10-14T09:00:00.000Z;CONFIRMED;3;Demo: 20 September - 20 November 2026;RSVROOM
d7200000-0000-4000-8000-020261016091;d5000000-0000-4000-8000-000000000303;d6100000-0000-4000-8000-000000000006;Office day - Piotr Nowak;2026-10-16T07:00:00.000Z;2026-10-16T15:00:00.000Z;CONFIRMED;1;Demo: 20 September - 20 November 2026;RSVROOM
d7200000-0000-4000-8000-020261016092;d5000000-0000-4000-8000-000000000343;d6100000-0000-4000-8000-000000000006;Office parking - Piotr Nowak;2026-10-16T07:00:00.000Z;2026-10-16T15:00:00.000Z;CONFIRMED;1;Demo: 20 September - 20 November 2026;RSVROOM
d7200000-0000-4000-8000-020261020091;d5000000-0000-4000-8000-000000000303;d6100000-0000-4000-8000-000000000006;Office day - Piotr Nowak;2026-10-20T07:00:00.000Z;2026-10-20T15:00:00.000Z;CONFIRMED;1;Demo: 20 September - 20 November 2026;RSVROOM
d7200000-0000-4000-8000-020261020092;d5000000-0000-4000-8000-000000000343;d6100000-0000-4000-8000-000000000006;Office parking - Piotr Nowak;2026-10-20T07:00:00.000Z;2026-10-20T15:00:00.000Z;CONFIRMED;1;Demo: 20 September - 20 November 2026;RSVROOM
d7200000-0000-4000-8000-020261021091;d5000000-0000-4000-8000-000000000303;d6100000-0000-4000-8000-000000000006;Office day - Piotr Nowak;2026-10-21T07:00:00.000Z;2026-10-21T15:00:00.000Z;CONFIRMED;1;Demo: 20 September - 20 November 2026;RSVROOM
d7200000-0000-4000-8000-020261021092;d5000000-0000-4000-8000-000000000343;d6100000-0000-4000-8000-000000000006;Office parking - Piotr Nowak;2026-10-21T07:00:00.000Z;2026-10-21T15:00:00.000Z;CONFIRMED;1;Demo: 20 September - 20 November 2026;RSVROOM
d7200000-0000-4000-8000-020261021093;d5000000-0000-4000-8000-000000000323;d6100000-0000-4000-8000-000000000006;Team meeting - Piotr Nowak;2026-10-21T08:00:00.000Z;2026-10-21T09:00:00.000Z;CONFIRMED;3;Demo: 20 September - 20 November 2026;RSVROOM
d7200000-0000-4000-8000-020261023091;d5000000-0000-4000-8000-000000000303;d6100000-0000-4000-8000-000000000006;Office day - Piotr Nowak;2026-10-23T07:00:00.000Z;2026-10-23T15:00:00.000Z;CONFIRMED;1;Demo: 20 September - 20 November 2026;RSVROOM
d7200000-0000-4000-8000-020261023092;d5000000-0000-4000-8000-000000000343;d6100000-0000-4000-8000-000000000006;Office parking - Piotr Nowak;2026-10-23T07:00:00.000Z;2026-10-23T15:00:00.000Z;CONFIRMED;1;Demo: 20 September - 20 November 2026;RSVROOM
d7200000-0000-4000-8000-020261027091;d5000000-0000-4000-8000-000000000303;d6100000-0000-4000-8000-000000000006;Office day - Piotr Nowak;2026-10-27T08:00:00.000Z;2026-10-27T16:00:00.000Z;CONFIRMED;1;Demo: 20 September - 20 November 2026;RSVROOM
d7200000-0000-4000-8000-020261027092;d5000000-0000-4000-8000-000000000343;d6100000-0000-4000-8000-000000000006;Office parking - Piotr Nowak;2026-10-27T08:00:00.000Z;2026-10-27T16:00:00.000Z;CONFIRMED;1;Demo: 20 September - 20 November 2026;RSVROOM
d7200000-0000-4000-8000-020261028091;d5000000-0000-4000-8000-000000000303;d6100000-0000-4000-8000-000000000006;Office day - Piotr Nowak;2026-10-28T08:00:00.000Z;2026-10-28T16:00:00.000Z;CONFIRMED;1;Demo: 20 September - 20 November 2026;RSVROOM
d7200000-0000-4000-8000-020261028092;d5000000-0000-4000-8000-000000000343;d6100000-0000-4000-8000-000000000006;Office parking - Piotr Nowak;2026-10-28T08:00:00.000Z;2026-10-28T16:00:00.000Z;CONFIRMED;1;Demo: 20 September - 20 November 2026;RSVROOM
d7200000-0000-4000-8000-020261028093;d5000000-0000-4000-8000-000000000323;d6100000-0000-4000-8000-000000000006;Team meeting - Piotr Nowak;2026-10-28T09:00:00.000Z;2026-10-28T10:00:00.000Z;CONFIRMED;3;Demo: 20 September - 20 November 2026;RSVROOM
d7200000-0000-4000-8000-020261030091;d5000000-0000-4000-8000-000000000303;d6100000-0000-4000-8000-000000000006;Office day - Piotr Nowak;2026-10-30T08:00:00.000Z;2026-10-30T16:00:00.000Z;CONFIRMED;1;Demo: 20 September - 20 November 2026;RSVROOM
d7200000-0000-4000-8000-020261030092;d5000000-0000-4000-8000-000000000343;d6100000-0000-4000-8000-000000000006;Office parking - Piotr Nowak;2026-10-30T08:00:00.000Z;2026-10-30T16:00:00.000Z;CONFIRMED;1;Demo: 20 September - 20 November 2026;RSVROOM
d7200000-0000-4000-8000-020261103091;d5000000-0000-4000-8000-000000000303;d6100000-0000-4000-8000-000000000006;Office day - Piotr Nowak;2026-11-03T08:00:00.000Z;2026-11-03T16:00:00.000Z;CONFIRMED;1;Demo: 20 September - 20 November 2026;RSVROOM
d7200000-0000-4000-8000-020261103092;d5000000-0000-4000-8000-000000000343;d6100000-0000-4000-8000-000000000006;Office parking - Piotr Nowak;2026-11-03T08:00:00.000Z;2026-11-03T16:00:00.000Z;CONFIRMED;1;Demo: 20 September - 20 November 2026;RSVROOM
d7200000-0000-4000-8000-020261104091;d5000000-0000-4000-8000-000000000303;d6100000-0000-4000-8000-000000000006;Office day - Piotr Nowak;2026-11-04T08:00:00.000Z;2026-11-04T16:00:00.000Z;CONFIRMED;1;Demo: 20 September - 20 November 2026;RSVROOM
d7200000-0000-4000-8000-020261104092;d5000000-0000-4000-8000-000000000343;d6100000-0000-4000-8000-000000000006;Office parking - Piotr Nowak;2026-11-04T08:00:00.000Z;2026-11-04T16:00:00.000Z;CONFIRMED;1;Demo: 20 September - 20 November 2026;RSVROOM
d7200000-0000-4000-8000-020261104093;d5000000-0000-4000-8000-000000000323;d6100000-0000-4000-8000-000000000006;Team meeting - Piotr Nowak;2026-11-04T09:00:00.000Z;2026-11-04T10:00:00.000Z;CONFIRMED;3;Demo: 20 September - 20 November 2026;RSVROOM
d7200000-0000-4000-8000-020261106091;d5000000-0000-4000-8000-000000000303;d6100000-0000-4000-8000-000000000006;Office day - Piotr Nowak;2026-11-06T08:00:00.000Z;2026-11-06T16:00:00.000Z;CONFIRMED;1;Demo: 20 September - 20 November 2026;RSVROOM
d7200000-0000-4000-8000-020261106092;d5000000-0000-4000-8000-000000000343;d6100000-0000-4000-8000-000000000006;Office parking - Piotr Nowak;2026-11-06T08:00:00.000Z;2026-11-06T16:00:00.000Z;CONFIRMED;1;Demo: 20 September - 20 November 2026;RSVROOM
d7200000-0000-4000-8000-020261110091;d5000000-0000-4000-8000-000000000303;d6100000-0000-4000-8000-000000000006;Office day - Piotr Nowak;2026-11-10T08:00:00.000Z;2026-11-10T16:00:00.000Z;CONFIRMED;1;Demo: 20 September - 20 November 2026;RSVROOM
d7200000-0000-4000-8000-020261110092;d5000000-0000-4000-8000-000000000343;d6100000-0000-4000-8000-000000000006;Office parking - Piotr Nowak;2026-11-10T08:00:00.000Z;2026-11-10T16:00:00.000Z;CONFIRMED;1;Demo: 20 September - 20 November 2026;RSVROOM
d7200000-0000-4000-8000-020261111091;d5000000-0000-4000-8000-000000000303;d6100000-0000-4000-8000-000000000006;Office day - Piotr Nowak;2026-11-11T08:00:00.000Z;2026-11-11T16:00:00.000Z;CONFIRMED;1;Demo: 20 September - 20 November 2026;RSVROOM
d7200000-0000-4000-8000-020261111092;d5000000-0000-4000-8000-000000000343;d6100000-0000-4000-8000-000000000006;Office parking - Piotr Nowak;2026-11-11T08:00:00.000Z;2026-11-11T16:00:00.000Z;CONFIRMED;1;Demo: 20 September - 20 November 2026;RSVROOM
d7200000-0000-4000-8000-020261111093;d5000000-0000-4000-8000-000000000323;d6100000-0000-4000-8000-000000000006;Team meeting - Piotr Nowak;2026-11-11T09:00:00.000Z;2026-11-11T10:00:00.000Z;CONFIRMED;3;Demo: 20 September - 20 November 2026;RSVROOM
d7200000-0000-4000-8000-020261113091;d5000000-0000-4000-8000-000000000303;d6100000-0000-4000-8000-000000000006;Office day - Piotr Nowak;2026-11-13T08:00:00.000Z;2026-11-13T16:00:00.000Z;CONFIRMED;1;Demo: 20 September - 20 November 2026;RSVROOM
d7200000-0000-4000-8000-020261113092;d5000000-0000-4000-8000-000000000343;d6100000-0000-4000-8000-000000000006;Office parking - Piotr Nowak;2026-11-13T08:00:00.000Z;2026-11-13T16:00:00.000Z;CONFIRMED;1;Demo: 20 September - 20 November 2026;RSVROOM
d7200000-0000-4000-8000-020261117091;d5000000-0000-4000-8000-000000000303;d6100000-0000-4000-8000-000000000006;Office day - Piotr Nowak;2026-11-17T08:00:00.000Z;2026-11-17T16:00:00.000Z;CONFIRMED;1;Demo: 20 September - 20 November 2026;RSVROOM
d7200000-0000-4000-8000-020261117092;d5000000-0000-4000-8000-000000000343;d6100000-0000-4000-8000-000000000006;Office parking - Piotr Nowak;2026-11-17T08:00:00.000Z;2026-11-17T16:00:00.000Z;CONFIRMED;1;Demo: 20 September - 20 November 2026;RSVROOM
d7200000-0000-4000-8000-020261118091;d5000000-0000-4000-8000-000000000303;d6100000-0000-4000-8000-000000000006;Office day - Piotr Nowak;2026-11-18T08:00:00.000Z;2026-11-18T16:00:00.000Z;CONFIRMED;1;Demo: 20 September - 20 November 2026;RSVROOM
d7200000-0000-4000-8000-020261118092;d5000000-0000-4000-8000-000000000343;d6100000-0000-4000-8000-000000000006;Office parking - Piotr Nowak;2026-11-18T08:00:00.000Z;2026-11-18T16:00:00.000Z;CONFIRMED;1;Demo: 20 September - 20 November 2026;RSVROOM
d7200000-0000-4000-8000-020261118093;d5000000-0000-4000-8000-000000000323;d6100000-0000-4000-8000-000000000006;Team meeting - Piotr Nowak;2026-11-18T09:00:00.000Z;2026-11-18T10:00:00.000Z;CONFIRMED;3;Demo: 20 September - 20 November 2026;RSVROOM
d7200000-0000-4000-8000-020261120091;d5000000-0000-4000-8000-000000000303;d6100000-0000-4000-8000-000000000006;Office day - Piotr Nowak;2026-11-20T08:00:00.000Z;2026-11-20T16:00:00.000Z;CONFIRMED;1;Demo: 20 September - 20 November 2026;RSVROOM
d7200000-0000-4000-8000-020261120092;d5000000-0000-4000-8000-000000000343;d6100000-0000-4000-8000-000000000006;Office parking - Piotr Nowak;2026-11-20T08:00:00.000Z;2026-11-20T16:00:00.000Z;CONFIRMED;1;Demo: 20 September - 20 November 2026;RSVROOM
